cnt,pos,speed,DTorque,DAC,STorque
0,-175.877,-88.5316,40,0,0
1,-177.067,-68.4228,79,0,0
2,-177.459,-61.6949,45,0,0
3,-177.701,-58.2021,29,0,0
4,-177.816,-56.7299,15,0,0
5,-177.984,-55.4103,5,0,0
6,-178.094,-53.9656,-5,0,0
7,-178.464,-51.9736,-28,0,0
8,-178.619,-51.5719,-33,0,0
9,-178.825,-51.1237,-39,0,0
10,-178.978,-50.9735,-41,0,0
11,-179.182,-50.9354,-41,0,0
12,-179.386,-51.0975,-40,0,0
13,-179.59,-51.1607,-38,0,0
14,-179.693,-51.1821,-36,0,0
15,-179.897,-51.0498,-35,0,0
16,-180.102,-51.0295,-35,0,0
17,-180.306,-51.0867,-32,0,0
18,-180.51,-51.2548,-26,0,0
19,-180.665,-51.5421,-23,0,0
20,-180.923,-51.287,-16,0,0
21,-181.127,-51.0569,-17,0,0
22,-181.281,-50.9711,-16,0,0
23,-181.484,-50.8638,-14,0,0
24,-181.637,-50.6516,-15,0,0
25,-181.788,-50.449,-16,0,0
26,-181.99,-50.2678,-17,0,0
27,-182.14,-50.1963,-18,0,0
28,-182.241,-50.1093,-19,0,0
29,-182.491,-49.8828,-20,0,0
30,-182.64,-49.6825,-24,0,0
31,-182.739,-49.4727,-28,0,0
32,-182.937,-49.4226,-31,0,0
33,-183.036,-49.3904,-32,0,0
34,-183.135,-49.3916,-34,0,0
35,-183.233,-49.3726,-34,0,0
36,-183.48,-49.3642,-38,0,0
37,-183.579,-49.2462,-39,0,0
38,-183.727,-49.2414,-42,0,0
39,-183.776,-49.2927,-44,0,0
40,-183.973,-49.4596,-45,0,0
41,-184.073,-49.5704,-45,0,0
42,-184.221,-49.5979,-45,0,0
43,-184.32,-49.6277,-46,0,0
44,-184.469,-49.7516,-46,0,0
45,-184.569,-49.7934,-47,0,0
46,-184.669,-49.8041,-47,0,0
47,-184.768,-49.7922,-47,0,0
48,-185.068,-49.9161,-49,0,0
49,-185.217,-49.9388,-48,0,0
50,-185.468,-50.1438,-49,0,0
51,-185.618,-50.1808,-49,0,0
52,-185.718,-50.1939,-48,0,0
53,-185.919,-50.1987,-49,0,0
54,-186.02,-50.1832,-48,0,0
55,-186.12,-50.1677,-48,0,0
56,-186.22,-50.207,-48,0,0
57,-186.371,-50.2642,-46,0,0
58,-186.472,-50.3298,-47,0,0
59,-186.572,-50.3465,-46,0,0
60,-186.673,-50.3155,-46,0,0
61,-186.874,-50.2916,-45,0,0
62,-186.925,-50.2785,-47,0,0
63,-187.025,-50.2869,-47,0,0
64,-187.126,-50.3214,-47,0,0
65,-187.226,-50.2821,-46,0,0
66,-187.377,-50.3489,-45,0,0
67,-187.528,-50.3882,-44,0,0
68,-187.629,-50.3405,-44,0,0
69,-187.73,-50.3703,-44,0,0
70,-187.881,-50.325,-43,0,0
71,-187.981,-50.3572,-43,0,0
72,-188.082,-50.2773,-42,0,0
73,-188.132,-50.3036,-41,0,0
74,-188.384,-50.294,-41,0,0
75,-188.485,-50.4073,-38,0,0
76,-188.636,-50.4442,-39,0,0
77,-188.737,-50.3846,-38,0,0
78,-188.888,-50.3763,-36,0,0
79,-188.938,-50.3405,-36,0,0
80,-189.039,-50.3882,-36,0,0
81,-189.19,-50.3369,-35,0,0
82,-189.391,-50.275,-34,0,0
83,-189.492,-50.3727,-34,0,0
84,-189.593,-50.3775,-33,0,0
85,-189.643,-50.3214,-32,0,0
86,-189.844,-50.2726,-31,0,0
87,-189.894,-50.2118,-32,0,0
88,-190.095,-50.1581,-32,0,0
89,-190.195,-50.1701,-30,0,0
90,-190.346,-50.0961,-31,0,0
91,-190.446,-50.0568,-31,0,0
92,-190.546,-50.12,-30,0,0
93,-190.646,-50.0997,-30,0,0
94,-190.747,-50.0354,-31,0,0
95,-190.896,-49.9698,-31,0,0
96,-191.046,-49.8959,-31,0,0
97,-191.096,-49.8232,-32,0,0
98,-191.246,-49.7838,-33,0,0
99,-191.295,-49.7981,-33,0,0
100,-191.495,-49.7946,-34,0,0
101,-191.594,-49.7493,-35,0,0
102,-191.743,-49.729,-36,0,0
103,-191.793,-49.6062,-37,0,0
104,-191.991,-49.5848,-39,0,0
105,-192.041,-49.5454,-40,0,0
106,-192.14,-49.5657,-39,0,0
107,-192.239,-49.574,-42,0,0
108,-192.437,-49.6897,-42,0,0
109,-192.586,-49.7004,-42,0,0
110,-192.735,-49.6587,-42,0,0
111,-192.785,-49.7016,-42,0,0
112,-192.984,-49.6622,-44,0,0
113,-193.033,-49.7564,-44,0,0
114,-193.133,-49.7898,-43,0,0
115,-193.233,-49.8112,-44,0,0
116,-193.432,-49.9507,-43,0,0
117,-193.532,-49.9781,-43,0,0
118,-193.632,-49.9912,-42,0,0
119,-193.732,-50.002,-43,0,0
120,-193.932,-49.9531,-43,0,0
121,-193.982,-50.0067,-42,0,0
122,-194.132,-50.0842,-42,0,0
123,-194.282,-50.1355,-42,0,0
124,-194.433,-50.1367,-41,0,0
125,-194.533,-50.1629,-39,0,0
126,-194.633,-50.1259,-40,0,0
127,-194.734,-50.1212,-41,0,0
128,-194.934,-50.0532,-42,0,0
129,-195.084,-50.0175,-42,0,0
130,-195.184,-50.0652,-41,0,0
131,-195.234,-50.0663,-42,0,0
132,-195.434,-50.1653,-41,0,0
133,-195.535,-50.1915,-39,0,0
134,-195.635,-50.176,-40,0,0
135,-195.685,-50.1176,-40,0,0
136,-195.936,-50.0544,-41,0,0
137,-196.036,-50.0604,-40,0,0
138,-196.186,-50.0616,-39,0,0
139,-196.286,-50.1391,-40,0,0
140,-196.487,-50.0985,-38,0,0
141,-196.637,-50.0377,-39,0,0
142,-196.787,-50.0306,-40,0,0
143,-196.837,-50.0008,-40,0,0
144,-197.037,-49.9185,-40,0,0
145,-197.087,-49.9901,-41,0,0
146,-197.237,-49.9889,-40,0,0
147,-197.287,-50.0246,-39,0,0
148,-197.588,-50.1403,-38,0,0
149,-197.738,-50.0413,-38,0,0
150,-197.938,-50.0163,-39,0,0
151,-198.038,-50.1069,-38,0,0
152,-198.189,-50.0485,-37,0,0
153,-198.289,-50.1152,-38,0,0
154,-198.489,-50.1009,-36,0,0
155,-198.589,-50.0342,-37,0,0
156,-198.689,-49.9948,-37,0,0
157,-198.739,-49.9567,-39,0,0
158,-198.939,-49.8828,-39,0,0
159,-198.989,-49.903,-38,0,0
160,-199.139,-49.9424,-39,0,0
161,-199.238,-49.9185,-39,0,0
162,-199.438,-49.9459,-40,0,0
163,-199.488,-49.9531,-39,0,0
164,-199.638,-49.8792,-41,0,0
165,-199.688,-49.8708,-41,0,0
166,-199.887,-49.8899,-41,0,0
167,-199.987,-49.872,-42,0,0
168,-200.137,-49.8625,-42,0,0
169,-200.236,-49.9269,-41,0,0
170,-200.386,-49.9197,-41,0,0
171,-200.486,-49.9436,-41,0,0
172,-200.586,-49.9161,-42,0,0
173,-200.686,-49.9948,-41,0,0
174,-200.935,-49.909,-42,0,0
175,-201.035,-49.8911,-42,0,0
176,-201.185,-49.8935,-42,0,0
177,-201.285,-49.909,-43,0,0
178,-201.485,-50.0222,-42,0,0
179,-201.635,-50.0485,-42,0,0
180,-201.785,-50.0497,-42,0,0
181,-201.885,-50.1033,-41,0,0
182,-202.136,-50.1581,-40,0,0
183,-202.236,-50.1474,-39,0,0
184,-202.487,-50.1879,-38,0,0
185,-202.637,-50.1629,-38,0,0
186,-202.738,-50.1355,-38,0,0
187,-202.888,-50.1391,-38,0,0
188,-203.138,-50.0461,-38,0,0
189,-203.238,-50.0175,-38,0,0
190,-203.539,-50.0711,-37,0,0
191,-203.639,-50.0783,-38,0,0
192,-203.739,-50.0759,-37,0,0
193,-203.889,-50.0294,-37,0,0
194,-204.089,-50.0091,-38,0,0
195,-204.239,-49.9543,-38,0,0
196,-204.439,-49.9102,-39,0,0
197,-204.589,-49.965,-38,0,0
198,-204.689,-49.9495,-38,0,0
199,-204.789,-49.8792,-38,0,0
200,-205.138,-49.8363,-41,0,0
201,-205.238,-49.8208,-40,0,0
202,-205.387,-49.965,-41,0,0
203,-205.537,-49.996,-38,0,0
204,-205.637,-50.0115,-40,0,0
205,-205.737,-49.9257,-40,0,0
206,-205.987,-49.9209,-40,0,0
207,-206.087,-49.9352,-40,0,0
208,-206.187,-49.9817,-39,0,0
209,-206.337,-50.0175,-39,0,0
210,-206.537,-50.0032,-38,0,0
211,-206.637,-50.0342,-39,0,0
212,-206.787,-49.9328,-39,0,0
213,-207.036,-49.8911,-41,0,0
214,-207.136,-49.9293,-41,0,0
215,-207.286,-49.9412,-41,0,0
216,-207.586,-50.0389,-41,0,0
217,-207.736,-50.0067,-41,0,0
218,-207.886,-49.8697,-42,0,0
219,-208.036,-49.909,-42,0,0
220,-208.135,-49.9078,-42,0,0
221,-208.235,-50.0032,-41,0,0
222,-208.535,-50.0067,-40,0,0
223,-208.635,-50.0163,-41,0,0
224,-208.785,-49.8601,-43,0,0
225,-208.935,-49.8625,-44,0,0
226,-209.085,-49.9018,-44,0,0
227,-209.234,-49.8935,-43,0,0
228,-209.334,-50.0401,-43,0,0
229,-209.535,-50.0163,-42,0,0
230,-209.585,-50.0234,-43,0,0
231,-209.735,-50.0365,-42,0,0
232,-209.785,-50.0365,-41,0,0
233,-210.035,-50.1021,-42,0,0
234,-210.135,-50.12,-41,0,0
235,-210.285,-50.1474,-41,0,0
236,-210.436,-50.12,-41,0,0
237,-210.536,-50.1736,-39,0,0
238,-210.637,-50.1772,-40,0,0
239,-210.687,-50.1355,-39,0,0
240,-210.987,-50.002,-41,0,0
241,-211.087,-49.9948,-41,0,0
242,-211.187,-49.9507,-40,0,0
243,-211.287,-50.0985,-41,0,0
244,-211.438,-50.0807,-39,0,0
245,-211.538,-50.064,-39,0,0
246,-211.738,-50.052,-39,0,0
247,-211.838,-49.9817,-39,0,0
248,-212.038,-50.0234,-39,0,0
249,-212.088,-50.0175,-40,0,0
250,-212.238,-50.0342,-39,0,0
251,-212.288,-50.0485,-39,0,0
252,-212.589,-50.0675,-39,0,0
253,-212.739,-50.002,-39,0,0
254,-212.938,-49.9161,-41,0,0
255,-213.038,-49.9722,-40,0,0
256,-213.138,-49.9924,-39,0,0
257,-213.238,-50.0437,-41,0,0
258,-213.438,-50.0938,-39,0,0
259,-213.538,-50.0342,-38,0,0
260,-213.638,-50.0723,-39,0,0
261,-213.738,-50.0115,-39,0,0
262,-213.939,-49.9316,-39,0,0
263,-214.038,-49.9841,-38,0,0
264,-214.139,-50.0556,-37,0,0
265,-214.289,-50.0902,-38,0,0
266,-214.439,-50.0389,-37,0,0
267,-214.539,-50.0413,-37,0,0
268,-214.639,-49.9972,-38,0,0
269,-214.689,-49.9543,-38,0,0
270,-214.889,-49.9424,-38,0,0
271,-215.039,-49.934,-39,0,0
272,-215.139,-49.8995,-38,0,0
273,-215.288,-49.8792,-39,0,0
274,-215.439,-49.9662,-40,0,0
275,-215.538,-50.0103,-39,0,0
276,-215.688,-50.0222,-38,0,0
277,-215.788,-50.021,-39,0,0
278,-215.988,-49.9781,-39,0,0
279,-216.088,-49.9388,-39,0,0
280,-216.188,-49.9066,-40,0,0
281,-216.288,-49.94,-40,0,0
282,-216.488,-49.9698,-39,0,0
283,-216.538,-49.8995,-39,0,0
284,-216.737,-49.8875,-41,0,0
285,-216.837,-49.8577,-40,0,0
286,-217.036,-49.8101,-41,0,0
287,-217.136,-49.8422,-42,0,0
288,-217.236,-49.8649,-42,0,0
289,-217.385,-49.9054,-42,0,0
290,-217.485,-49.9459,-41,0,0
291,-217.585,-50.0222,-42,0,0
292,-217.685,-49.9614,-42,0,0
293,-217.885,-49.8959,-42,0,0
294,-218.035,-50.002,-41,0,0
295,-218.235,-49.9793,-41,0,0
296,-218.385,-50.1486,-40,0,0
297,-218.536,-50.1259,-39,0,0
298,-218.636,-50.0306,-40,0,0
299,-218.736,-50.0234,-41,0,0
300,-218.936,-49.9316,-42,0,0
301,-219.036,-49.9567,-41,0,0
302,-219.136,-49.9912,-42,0,0
303,-219.236,-50.0151,-42,0,0
304,-219.436,-50.0985,-41,0,0
305,-219.536,-50.0711,-40,0,0
306,-219.636,-50.0866,-41,0,0
307,-219.736,-50.0485,-41,0,0
308,-219.886,-50.0199,-40,0,0
309,-220.036,-50.0818,-40,0,0
310,-220.187,-50.1116,-39,0,0
311,-220.287,-50.0747,-39,0,0
312,-220.487,-50.1379,-38,0,0
313,-220.588,-50.1486,-39,0,0
314,-220.738,-50.0079,-39,0,0
315,-220.888,-50.0199,-39,0,0
316,-221.088,-49.9436,-40,0,0
317,-221.288,-50.0151,-40,0,0
318,-221.538,-50.1236,-39,0,0
319,-221.738,-50.0771,-39,0,0
320,-221.989,-50.0056,-38,0,0
321,-222.239,-49.9662,-39,0,0
322,-222.489,-50.0187,-37,0,0
323,-222.689,-49.9662,-39,0,0
324,-222.988,-49.9352,-40,0,0
325,-223.188,-49.9018,-39,0,0
326,-223.488,-49.9698,-39,0,0
327,-223.638,-50.0425,-38,0,0
328,-223.888,-49.9424,-38,0,0
329,-224.038,-49.9436,-39,0,0
330,-224.238,-49.9424,-39,0,0
331,-224.338,-49.94,-39,0,0
332,-224.538,-50.0532,-38,0,0
333,-224.638,-49.9531,-39,0,0
334,-224.837,-49.8983,-40,0,0
335,-225.037,-49.9221,-40,0,0
336,-225.187,-49.9233,-40,0,0
337,-225.287,-49.9293,-41,0,0
338,-225.486,-49.9901,-40,0,0
339,-225.587,-50.021,-40,0,0
340,-225.736,-49.9698,-40,0,0
341,-225.887,-49.9769,-41,0,0
342,-226.086,-49.9483,-41,0,0
343,-226.236,-49.9614,-41,0,0
344,-226.436,-50.0222,-41,0,0
345,-226.536,-50.0616,-41,0,0
346,-226.786,-49.8911,-42,0,0
347,-226.886,-49.909,-43,0,0
348,-227.135,-49.8852,-43,0,0
349,-227.285,-49.9185,-44,0,0
350,-227.585,-50.089,-42,0,0
351,-227.735,-50.0246,-42,0,0
352,-227.935,-50.0663,-41,0,0
353,-228.085,-50.0497,-41,0,0
354,-228.236,-50.0234,-41,0,0
355,-228.386,-50.1212,-40,0,0
356,-228.586,-50.1236,-39,0,0
357,-228.737,-50.1081,-40,0,0
358,-228.937,-49.9817,-41,0,0
359,-229.087,-50.0115,-42,0,0
360,-229.337,-50.0544,-40,0,0
361,-229.537,-50.0759,-39,0,0
362,-229.838,-49.9459,-39,0,0
363,-230.038,-50.0032,-40,0,0
364,-230.288,-50.0866,-40,0,0
365,-230.488,-50.0687,-38,0,0
366,-230.738,-49.9865,-39,0,0
367,-230.938,-49.9591,-41,0,0
368,-231.188,-49.9793,-40,0,0
369,-231.338,-50.0115,-39,0,0
370,-231.638,-49.9972,-38,0,0
371,-231.838,-49.971,-39,0,0
372,-232.138,-50.0258,-39,0,0
373,-232.238,-50.0365,-39,0,0
374,-232.589,-50.0294,-38,0,0
375,-232.789,-49.996,-38,0,0
376,-233.088,-49.9674,-40,0,0
377,-233.288,-49.9996,-39,0,0
378,-233.588,-49.9853,-39,0,0
379,-233.788,-49.9233,-40,0,0
380,-234.038,-50.0067,-40,0,0
381,-234.238,-49.971,-39,0,0
382,-234.488,-49.9865,-39,0,0
383,-234.687,-49.934,-40,0,0
384,-234.937,-49.9257,-41,0,0
385,-235.137,-49.934,-41,0,0
386,-235.336,-49.9042,-41,0,0
387,-235.586,-50.0234,-41,0,0
388,-235.786,-50.0175,-41,0,0
389,-236.036,-49.9853,-41,0,0
390,-236.236,-49.9924,-42,0,0
391,-236.536,-50.0568,-41,0,0
392,-236.736,-50.0199,-41,0,0
393,-236.986,-49.8971,-41,0,0
394,-237.186,-49.9364,-41,0,0
395,-237.486,-50.0556,-42,0,0
396,-237.636,-50.021,-41,0,0
397,-237.936,-49.9674,-43,0,0
398,-238.086,-50.0151,-42,0,0
399,-238.335,-49.996,-42,0,0
400,-238.536,-50.0151,-41,0,0
401,-238.786,-50.0032,-43,0,0
402,-238.986,-49.9281,-43,0,0
403,-239.285,-49.9829,-43,0,0
404,-239.435,-50.0568,-42,0,0
405,-239.736,-50.1248,-41,0,0
406,-239.936,-49.9865,-43,0,0
407,-240.186,-50.027,-41,0,0
408,-240.987,-49.9662,-42,0,0
409,-241.286,-50.0485,-43,0,0
410,-241.487,-50.0795,-41,0,0
411,-241.787,-50.0234,-42,0,0
412,-241.937,-49.9233,-42,0,0
413,-242.137,-49.9734,-41,0,0
414,-242.287,-50.0652,-42,0,0
415,-242.637,-50.027,-34,0,0
416,-242.737,-49.6813,-27,0,0
417,-242.984,-49.0471,-15,0,0
418,-243.13,-48.078,-6,0,0
419,-243.273,-47.1875,4,0,0
420,-243.414,-46.0062,16,0,0
421,-243.595,-43.9523,32,0,0
422,-243.725,-42.2274,40,0,0
423,-243.89,-40.2283,51,0,0
424,-243.968,-38.1553,57,0,0
425,-244.117,-35.8916,64,0,0
426,-244.22,-33.6172,72,0,0
427,-244.346,-30.3927,79,0,0
428,-244.404,-27.6724,84,0,0
429,-244.509,-24.0569,84,0,0
430,-244.579,-21.4797,81,0,0
431,-244.641,-19.9765,77,0,0
432,-244.679,-18.5913,76,0,0
433,-244.746,-15.6958,72,0,0
434,-244.775,-13.7098,66,0,0
435,-244.849,-10.8465,57,0,0
436,-244.878,-9.2241,51,0,0
437,-244.903,-7.8914,45,0,0
438,-244.917,-6.6767,40,0,0
439,-244.942,-5.2999,34,0,0
440,-244.957,-4.4392,31,0,0
441,-244.973,-3.3676,26,0,0
442,-244.98,-2.8872,22,0,0
443,-244.988,-2.4378,18,0,0
444,-244.992,-1.7821,13,0,0
445,-244.998,-1.1325,7,0,0
446,-245.002,-0.6985,2,0,0
447,-245.003,-0.3481,-1,0,0
448,-245.004,0.0095,-7,0,0
449,-245.003,0.124,-9,0,0
450,-245.003,0.1395,-11,0,0
451,-245.003,0.1192,-12,0,0
452,-245.002,0.0989,-12,0,0
453,-245.002,0.0918,-13,0,0
454,-245.002,0.1407,-13,0,0
455,-245.001,0.1514,-14,0,0
456,-245.001,0.0966,-14,0,0
457,-245.001,0.0036,-13,0,0
458,-245.001,-0.1037,-12,0,0
459,-245.002,-0.0823,-11,0,0
460,-245.002,-0.031,-11,0,0
461,-245.002,0.006,-12,0,0
462,-245.002,0.0203,-12,0,0
463,-245.002,0.0048,-12,0,0
464,-245.002,-0.0203,-12,0,0
465,-245.002,-0.0262,-12,0,0
466,-245.002,-0.0215,-12,0,0
467,-245.002,-0.0131,-12,0,0
468,-245.002,-0.0024,-12,0,0
469,-245.002,-0.0024,-12,0,0
470,-245.002,-0.0036,-12,0,0
471,-245.002,-0.006,-12,0,0
472,-245.002,0.0191,-12,0,0
473,-245.002,0.0203,-12,0,0
474,-245.002,0.0167,-12,0,0
475,-245.002,0.0012,-12,0,0
476,-245.002,-0.0119,-12,0,0
477,-245.002,-0.0167,-11,0,0
478,-245.002,-0.0155,-12,0,0
479,-245.002,-0.0036,-11,0,0
480,-245.002,0.0143,-11,0,0
481,-245.002,0.0131,-12,0,0
482,-245.002,0.006,-12,0,0
483,-245.002,0.0024,-11,0,0
484,-245.002,-0.006,-11,0,0
485,-245.002,0.0024,-11,0,0
486,-245.002,0.0155,-11,0,0
487,-245.002,0.0179,-11,0,0
488,-245.002,-0.0024,-11,0,0
489,-245.002,-0.0072,-11,0,0
490,-245.002,-0.006,-11,0,0
491,-245.002,0.0036,-11,0,0
492,-245.002,0.0072,-11,0,0
493,-245.002,0.0095,-11,0,0
494,-245.002,0.0095,-11,0,0
495,-245.002,0.0095,-11,0,0
496,-245.002,0.0131,-10,0,0
497,-245.002,0.0072,-11,0,0
498,-245.002,0.0012,-10,0,0
499,-245.002,-0.0024,-10,0,0
500,-245.002,-0.0036,-10,0,0
501,-245.002,-0.0024,-10,0,0
502,-245.002,-0.0012,-10,0,0
503,-245.002,0.0036,-10,0,0
504,-245.002,0.0095,-10,0,0
505,-245.001,0.0131,-10,0,0
506,-245.001,0.006,-10,0,0
507,-245.001,0.0012,-10,0,0
508,-245.001,-0.0024,-10,0,0
509,-245.001,0.0012,-10,0,0
510,-245.001,0.0036,-10,0,0
511,-245.001,-0.0012,-10,0,0
512,-245.001,-0.0024,-10,0,0
513,-245.001,-0.0012,-10,0,0
514,-245.001,0.0048,-9,0,0
515,-245.001,0.0072,-10,0,0
516,-245.001,0.0083,-10,0,0
517,-245.001,0.0107,-9,0,0
518,-245.001,0.0072,-10,0,0
519,-245.001,0.0107,-9,0,0
520,-245.001,0.0083,-9,0,0
521,-245.001,0.0072,-9,0,0
522,-245.001,0.0036,-9,0,0
523,-245.001,0.0083,-9,0,0
524,-245.001,0.0012,-9,0,0
525,-245.001,0.0012,-9,0,0
526,-245.001,0.0012,-9,0,0
527,-245.001,0,-9,0,0
528,-245.001,-0.0012,-9,0,0
529,-245.001,-0.0012,-9,0,0
530,-245.001,-0.0012,-9,0,0
531,-245.001,0.0036,-9,0,0
532,-245.001,0.0072,-9,0,0
533,-245.001,0.006,-9,0,0
534,-245.001,0,-9,0,0
535,-245.001,-0.0012,-9,0,0
536,-245.001,0.0024,-9,0,0
537,-245.001,-0.0036,-9,0,0
538,-245.001,0,-9,0,0
539,-245.001,-0.0036,-9,0,0
540,-245.001,0.0012,-9,0,0
541,-245.001,0.0036,-9,0,0
542,-245.001,0.0036,-9,0,0
543,-245.001,0.0083,-9,0,0
544,-245.001,0.0036,-8,0,0
545,-245.001,0.0095,-8,0,0
546,-245.001,0.0107,-8,0,0
547,-245.001,0.0083,-9,0,0
548,-245.001,0.006,-9,0,0
549,-245.001,0.006,-8,0,0
550,-245.001,0.0107,-8,0,0
551,-245.001,0.0119,-9,0,0
552,-245.001,0.0107,-8,0,0
553,-245.001,0.006,-8,0,0
554,-245.001,0.0036,-8,0,0
555,-245.001,-0.0012,-8,0,0
556,-245.001,-0.0012,-8,0,0
557,-245.001,0,-8,0,0
558,-245.001,0.0012,-8,0,0
559,-245.001,0.006,-8,0,0
560,-245.001,0.0036,-8,0,0
561,-245.001,-0.0024,-8,0,0
562,-245.001,-0.0024,-8,0,0
563,-245.001,-0.0036,-8,0,0
564,-245.001,0,-8,0,0
565,-245.001,0.0012,-8,0,0
566,-245.001,0.0048,-8,0,0
567,-245.001,0.0036,-8,0,0
568,-245.001,0.0024,-8,0,0
569,-245.001,-0.0012,-8,0,0
570,-245.001,-0.0048,-8,0,0
571,-245.001,-0.0012,-8,0,0
572,-245.001,0.0012,-8,0,0
573,-245.001,0.006,-8,0,0
574,-245.001,0.0095,-8,0,0
575,-245.001,0.0083,-8,0,0
576,-245.001,0.0131,-8,0,0
577,-245.001,0.0095,-8,0,0
578,-245.001,0.0072,-8,0,0
579,-245.001,0.0048,-8,0,0
580,-245.001,0.0048,-8,0,0
581,-245.001,0.0024,-8,0,0
582,-245.001,0.0024,-8,0,0
583,-245.001,0.0107,-7,0,0
584,-245.001,0.0095,-8,0,0
585,-245.001,0.0083,-8,0,0
586,-245.001,0.006,-8,0,0
587,-245.001,0.0012,-8,0,0
588,-245.001,0.0012,-7,0,0
589,-245.001,0.0036,-8,0,0
590,-245.001,-0.0012,-7,0,0
591,-245.001,0.0024,-8,0,0
592,-245.001,0,-7,0,0
593,-245.001,0.0012,-7,0,0
594,-245.001,-0.0024,-7,0,0
595,-245.001,-0.0024,-7,0,0
596,-245.001,0,-7,0,0
597,-245.001,0.0024,-7,0,0
598,-245.001,-0.0024,-7,0,0
599,-245.001,-0.0024,-7,0,0
600,-245.001,-0.0024,-7,0,0
601,-245.001,0.0012,-7,0,0
602,-245.001,0.0095,-7,0,0
603,-245.001,0.006,-7,0,0
604,-245.001,0.0048,-7,0,0
605,-245.001,0.0024,-7,0,0
606,-245.001,0,-7,0,0
607,-245.001,0.0048,-7,0,0
608,-245.001,0.0048,-7,0,0
609,-245.001,0.0072,-7,0,0
610,-245.001,0.0107,-7,0,0
611,-245.001,0.0072,-7,0,0
612,-245.001,0.0072,-7,0,0
613,-245.001,0.0083,-7,0,0
614,-245.001,0.006,-7,0,0
615,-245.001,0.0036,-7,0,0
616,-245.001,0.0048,-7,0,0
617,-245.001,0.0024,-7,0,0
618,-245.001,-0.0012,-7,0,0
619,-245.001,0.0036,-7,0,0
620,-245.001,0,-7,0,0
621,-245.001,0.0012,-7,0,0
622,-245.001,0.0024,-7,0,0
623,-245.001,-0.0012,-7,0,0
624,-245.001,-0.0048,-7,0,0
625,-245.001,-0.0012,-7,0,0
626,-245.001,-0.0036,-7,0,0
627,-245.001,0.0012,-7,0,0
628,-245.001,0.0036,-7,0,0
629,-245.001,0.0012,-7,0,0
630,-245.001,0.0036,-7,0,0
631,-245.001,0.0012,-7,0,0
632,-245.001,-0.0012,-7,0,0
633,-245.001,-0.0012,-7,0,0
634,-245.001,-0.0036,-7,0,0
635,-245.001,0,-7,0,0
636,-245.001,0.0048,-7,0,0
637,-245.001,0.006,-7,0,0
638,-245.001,0.0048,-7,0,0
639,-245.001,0.0095,-7,0,0
640,-245.001,0,-6,0,0
641,-245.001,0.0036,-7,0,0
642,-245,0.0083,-7,0,0
643,-245,0.0072,-7,0,0
644,-245,0.0024,-6,0,0
645,-245,0.0036,-7,0,0
646,-245,-0.0012,-7,0,0
647,-245,-0.0024,-7,0,0
648,-245,0,-6,0,0
649,-245,0.0024,-7,0,0
650,-245,0.0048,-7,0,0
651,-245,0,-7,0,0
652,-245,0,-6,0,0
653,-245,0.0036,-7,0,0
654,-245,0.0024,-7,0,0
655,-245,0.0012,-6,0,0
656,-245,0.0024,-6,0,0
657,-245,0,-7,0,0
658,-245,0.0012,-7,0,0
659,-245,-0.0024,-6,0,0
660,-245,0,-6,0,0
661,-245,0.0048,-6,0,0
662,-245,0.0024,-6,0,0
663,-245,0,-6,0,0
664,-245,-0.0036,-6,0,0
665,-245,0.0012,-6,0,0
666,-245,0.0036,-6,0,0
667,-245,0.0036,-6,0,0
668,-245,0.0048,-7,0,0
669,-245,0.0036,-6,0,0
670,-245,0.006,-6,0,0
671,-245,0.0048,-6,0,0
672,-245,0,-6,0,0
673,-245,-0.0036,-6,0,0
674,-245,-0.0024,-7,0,0
675,-245,-0.0036,-6,0,0
676,-245,0.0012,-6,0,0
677,-245,0.0024,-7,0,0
678,-245,0.0012,-6,0,0
679,-245,0.0012,-6,0,0
680,-245,0.0012,-6,0,0
681,-245,-0.0012,-6,0,0
682,-245,-0.0024,-6,0,0
683,-245,0.0024,-6,0,0
684,-245,0.0012,-6,0,0
685,-245,0.0036,-6,0,0
686,-245,0.0024,-6,0,0
687,-245,0.0048,-6,0,0
688,-245,0,-6,0,0
689,-245,-0.006,-6,0,0
690,-245,-0.0012,-6,0,0
691,-245,-0.0012,-6,0,0
692,-245,0.0048,-6,0,0
693,-245,0.0024,-6,0,0
694,-245,0.0012,-6,0,0
695,-245,-0.0012,-6,0,0
696,-245,0,-6,0,0
697,-245,0.0012,-6,0,0
698,-245,0.0036,-6,0,0
699,-245,0.0048,-6,0,0
700,-245,0.0012,-6,0,0
701,-245,0.0048,-6,0,0
702,-245,0.0036,-6,0,0
703,-245,-0.0024,-6,0,0
704,-245,-0.0012,-6,0,0
705,-245,0.0024,-6,0,0
706,-245,-0.0012,-6,0,0
707,-245,0,-6,0,0
708,-245,-0.0012,-6,0,0
709,-245,-0.0048,-6,0,0
710,-245,0.0024,-6,0,0
711,-245,0.0024,-6,0,0
712,-245,0,-6,0,0
713,-245,0.0024,-6,0,0
714,-245,0.0012,-6,0,0
715,-245,0.006,-6,0,0
716,-245,0,-6,0,0
717,-245,0.0048,-6,0,0
718,-245,0,-6,0,0
719,-245,0.0012,-6,0,0
720,-245,0.0024,-6,0,0
721,-245,0,-6,0,0
722,-245,-0.0012,-6,0,0
723,-245,0.0012,-6,0,0
724,-245,-0.0012,-6,0,0
725,-245,0.0012,-6,0,0
726,-245,0.0024,-6,0,0
727,-245,0.0024,-6,0,0
728,-245,0.0012,-6,0,0
729,-245,-0.0036,-6,0,0
730,-245,0.0024,-6,0,0
731,-245,0.0024,-6,0,0
732,-245,-0.0012,-6,0,0
733,-245,0,-6,0,0
734,-245,0.0036,-6,0,0
735,-245,0.0012,-6,0,0
736,-245,0,-6,0,0
737,-245,-0.0036,-6,0,0
738,-245,0.0024,-6,0,0
739,-245,0.0012,-6,0,0
740,-245,0,-6,0,0
741,-245,0.0024,-6,0,0
742,-245,0.0024,-6,0,0
743,-245,-0.0024,-6,0,0
744,-245,-0.0024,-6,0,0
745,-245,0,-6,0,0
746,-245,0.0072,-6,0,0
747,-245,-0.0012,-6,0,0
748,-245,0,-6,0,0
749,-245,0.0012,-6,0,0
750,-245,0.0036,-6,0,0
751,-245,-0.0024,-6,0,0
752,-245,0.0012,-6,0,0
753,-245,0.006,-6,0,0
754,-245,0,-6,0,0
755,-245,-0.0012,-6,0,0
756,-245,0,-6,0,0
757,-245,0,-6,0,0
758,-245,-0.0024,-6,0,0
759,-245,0,-6,0,0
760,-245,0,-6,0,0
761,-245,0,-6,0,0
762,-245,0.0036,-6,0,0
763,-245,0.0024,-6,0,0
764,-245,-0.0072,-6,0,0
765,-245,0,-6,0,0
766,-245,0,-6,0,0
767,-245,0.0036,-6,0,0
768,-245,0.0036,-6,0,0
769,-245,-0.0012,-6,0,0
770,-245,-0.0048,-6,0,0
771,-245,-0.0024,-6,0,0
772,-245,-0.0024,-6,0,0
773,-245,0.0012,-6,0,0
774,-245,0.0024,-6,0,0
775,-245,0,-6,0,0
776,-245,0,-6,0,0
777,-245,0.0048,-6,0,0
778,-245,0,-6,0,0
779,-245,0.0036,-6,0,0
780,-245,0.0036,-6,0,0
781,-245,0,-6,0,0
782,-245,0.0012,-6,0,0
783,-245,0.0024,-6,0,0
784,-245,0.0024,-6,0,0
785,-245,0.0024,-6,0,0
786,-245,0.0012,-6,0,0
787,-245,-0.0012,-6,0,0
788,-245,0,-6,0,0
789,-245,0.0012,-6,0,0
790,-245,0.0012,-6,0,0
791,-245,0.0024,-6,0,0
792,-245,0.0012,-6,0,0
793,-245,-0.0036,-6,0,0
794,-245,0,-6,0,0
795,-245,-0.0012,-6,0,0
796,-245,-0.0036,-6,0,0
797,-245,-0.0024,-6,0,0
798,-245,-0.0036,-6,0,0
799,-245,-0.0048,-6,0,0
800,-245,0.0036,-6,0,0
801,-245,0,-6,0,0
802,-245,-0.0024,-6,0,0
803,-245,0.0012,-6,0,0
804,-245,0,-6,0,0
805,-245,0.0024,-6,0,0
806,-245,-0.0024,-6,0,0
807,-245,-0.0036,-6,0,0
808,-245,0.0036,-6,0,0
809,-245,0.0083,-6,0,0
810,-245,0.0048,-6,0,0
811,-245,0,-6,0,0
812,-245,0.0012,-6,0,0
813,-245,0,-6,0,0
814,-245,0.0036,-6,0,0
815,-245,0.0036,-6,0,0
816,-245,0.0036,-6,0,0
817,-245,-0.0012,-6,0,0
818,-245,-0.0024,-6,0,0
819,-245,-0.0024,-6,0,0
820,-245,0.0036,-6,0,0
821,-245,0.0036,-6,0,0
822,-245,0,-6,0,0
823,-245,-0.0048,-6,0,0
824,-245,-0.0036,-6,0,0
825,-245,0,-6,0,0
826,-245,-0.0012,-6,0,0
827,-245,-0.0024,-6,0,0
828,-245,-0.0012,-6,0,0
829,-245,-0.0024,-6,0,0
830,-245,-0.0083,-6,0,0
831,-245,-0.0012,-6,0,0
832,-245,0,-6,0,0
833,-245,0,-6,0,0
834,-245,0.0012,-6,0,0
835,-245,0.0012,-6,0,0
836,-245,0.0024,-6,0,0
837,-245,0,-6,0,0
838,-245,-0.0024,-6,0,0
839,-245,0.0012,-6,0,0
840,-245,0.006,-6,0,0
841,-245,0.0048,-6,0,0
842,-245,0,-6,0,0
843,-245,-0.0012,-6,0,0
844,-245,0.0012,-6,0,0
845,-245,0.0048,-6,0,0
846,-245,0.0048,-6,0,0
847,-245,-0.0012,-6,0,0
848,-245,-0.0012,-6,0,0
849,-245,0.0036,-6,0,0
850,-245,0.0012,-6,0,0
851,-245,-0.0024,-6,0,0
852,-245,0.0024,-6,0,0
853,-245,0.0012,-6,0,0
854,-245,0.0036,-6,0,0
855,-245,0.0012,-6,0,0
856,-245,-0.0048,-6,0,0
857,-245,-0.0024,-6,0,0
858,-245,0,-6,0,0
859,-245,0.0024,-6,0,0
860,-245,0.0012,-6,0,0
861,-245,-0.0036,-6,0,0
862,-245,-0.0012,-6,0,0
863,-245,0,-6,0,0
864,-245,-0.0048,-6,0,0
865,-245,-0.0012,-6,0,0
866,-245,0.006,-6,0,0
867,-245,0.0072,-6,0,0
868,-245,0.0024,-6,0,0
869,-245,0.0012,-6,0,0
870,-245,-0.0024,-6,0,0
871,-245,0.0048,-6,0,0
872,-245,0.0048,-6,0,0
873,-245,0,-6,0,0
874,-245,0.0024,-6,0,0
875,-245,-0.0024,-6,0,0
876,-245,-0.0024,-6,0,0
877,-245,0.0036,-6,0,0
878,-245,0.0036,-6,0,0
879,-245,-0.0012,-6,0,0
880,-245,0.0012,-6,0,0
881,-245,-0.0036,-6,0,0
882,-245,0.0012,-6,0,0
883,-245,-0.0012,-6,0,0
884,-245,0.0012,-6,0,0
885,-245,-0.0012,-6,0,0
886,-245,0.0024,-6,0,0
887,-245,-0.0036,-6,0,0
888,-245,-0.0024,-6,0,0
889,-245,-0.006,-6,0,0
890,-245,-0.0036,-6,0,0
891,-245,-0.0048,-6,0,0
892,-245,0,-6,0,0
893,-245,0.0012,-6,0,0
894,-245,0.0024,-6,0,0
895,-245,0.0024,-6,0,0
896,-245,0.0012,-6,0,0
897,-245,-0.0024,-6,0,0
898,-245,0.0024,-6,0,0
899,-245,0.0024,-6,0,0
900,-245,-0.0012,-6,0,0
901,-245,-0.0036,-6,0,0
902,-245,-0.0036,-6,0,0
903,-245,0.0036,-6,0,0
904,-245,0.0036,-6,0,0
905,-245,-0.0012,-6,0,0
906,-245,0,-6,0,0
907,-245,0,-6,0,0
908,-245,0.0012,-6,0,0
909,-245,0,-6,0,0
910,-245,-0.0036,-6,0,0
911,-245,0.0036,-6,0,0
912,-245,-0.0012,-6,0,0
913,-245,-0.0036,-6,0,0
914,-245,0.0012,-6,0,0
915,-245,0.0012,-6,0,0
916,-245,-0.0012,-6,0,0
917,-245,0.0036,-6,0,0
918,-245,-0.0012,-6,0,0
919,-245,-0.0012,-6,0,0
920,-245,0.0024,-6,0,0
921,-245,0,-6,0,0
922,-245,-0.0012,-6,0,0
923,-245,-0.0024,-6,0,0
924,-245,-0.0012,-6,0,0
925,-245,0,-6,0,0
926,-245,0,-6,0,0
927,-245,0,-6,0,0
928,-245,0.0036,-6,0,0
929,-245,0,-6,0,0
930,-245,0.0048,-6,0,0
931,-245,0.0012,-6,0,0
932,-245,-0.0048,-6,0,0
933,-245,0.0012,-6,0,0
934,-245,-0.0024,-6,0,0
935,-245,0.0012,-6,0,0
936,-245,0.0012,-6,0,0
937,-245,0,-6,0,0
938,-245,-0.0024,-6,0,0
939,-245,0.0012,-6,0,0
940,-245,0.0036,-6,0,0
941,-245,0.0024,-6,0,0
942,-245,-0.0012,-6,0,0
943,-245,-0.0024,-6,0,0
944,-245,0.0012,-6,0,0
945,-245,0.0012,-6,0,0
946,-245,0.0012,-6,0,0
947,-245,0.0024,-6,0,0
948,-245,0.0012,-6,0,0
949,-245,0.0024,-6,0,0
950,-245,0,-6,0,0
951,-245,0,-6,0,0
952,-245,-0.0036,-6,0,0
953,-245,-0.0012,-6,0,0
954,-245,-0.0012,-6,0,0
955,-245,-0.0012,-6,0,0
956,-245,0,-6,0,0
957,-245,-0.0012,-6,0,0
958,-245,-0.0024,-6,0,0
959,-245,0,-6,0,0
960,-245,0.0048,-6,0,0
961,-245,0.0036,-6,0,0
962,-245,-0.0012,-6,0,0
963,-245,-0.0036,-6,0,0
964,-245,0,-6,0,0
965,-245,0.0012,-6,0,0
966,-245,0.0024,-6,0,0
967,-245,0.0012,-6,0,0
968,-245,0.0024,-6,0,0
969,-245,-0.0012,-6,0,0
970,-245,-0.0012,-6,0,0
971,-245,-0.0036,-6,0,0
972,-245,0.0048,-6,0,0
973,-245,0.006,-6,0,0
974,-245,0.0048,-6,0,0
975,-245,-0.0012,-6,0,0
976,-245,0.0024,-6,0,0
977,-245,-0.0036,-6,0,0
978,-245,-0.0048,-6,0,0
979,-245,0.0012,-6,0,0
980,-245,0.0024,-6,0,0
981,-245,0.0036,-6,0,0
982,-245,-0.0012,-6,0,0
983,-245,-0.0024,-6,0,0
984,-245,-0.0024,-6,0,0
985,-245,0,-6,0,0
986,-245,0.006,-6,0,0
987,-245,0.0048,-6,0,0
988,-245,-0.0036,-6,0,0
989,-245,-0.0024,-6,0,0
990,-245,-0.0048,-6,0,0
991,-245,0,-6,0,0
992,-245,0.0012,-6,0,0
993,-245,0.0036,-6,0,0
994,-245,0.0024,-6,0,0
995,-245,0.0012,-6,0,0
996,-245,-0.0012,-6,0,0
997,-245,-0.0036,-6,0,0
998,-245,0,-6,0,0
999,-245,-0.0048,-6,0,0
1000,-245,0,-6,0,0
1001,-245,0.0024,-6,0,0
1002,-245,0.0036,-6,0,0
1003,-245,0.006,-6,0,0
1004,-245,0.0024,-6,0,0
1005,-245,-0.0036,-6,0,0
1006,-245,-0.0036,-6,0,0
1007,-245,0.0024,-6,0,0
1008,-245,0,-6,0,0
1009,-245,0,-6,0,0
1010,-245,0.0024,-6,0,0
1011,-245,0.0012,-6,0,0
1012,-245,-0.0036,-6,0,0
1013,-245,-0.0024,-6,0,0
1014,-245,0,-6,0,0
1015,-245,0,-6,0,0
1016,-245,0.0012,-6,0,0
1017,-245,0.0012,-6,0,0
1018,-245,-0.0012,-6,0,0
1019,-245,0.0048,-6,0,0
1020,-245,0.0024,-6,0,0
1021,-245,0,-6,0,0
1022,-245,-0.0012,-6,0,0
1023,-245,-0.0024,-6,0,0
1024,-245,0.0012,-6,0,0
1025,-245,0.0036,-6,0,0
1026,-245,-0.0012,-6,0,0
1027,-245,0.0024,-6,0,0
1028,-245,0.0024,-6,0,0
1029,-245,0.0024,-6,0,0
1030,-245,0,-6,0,0
1031,-245,-0.0024,-6,0,0
1032,-245,-0.0048,-6,0,0
1033,-245,0.0012,-6,0,0
1034,-245,0.0024,-6,0,0
1035,-245,0.0048,-6,0,0
1036,-245,0,-6,0,0
1037,-245,0.0012,-6,0,0
1038,-245,0.0036,-6,0,0
1039,-245,-0.0036,-6,0,0
1040,-245,-0.0012,-6,0,0
1041,-245,0.0012,-6,0,0
1042,-245,0,-6,0,0
1043,-245,0.0024,-6,0,0
1044,-245,-0.0012,-6,0,0
1045,-245,0,-6,0,0
1046,-245,-0.0024,-6,0,0
1047,-245,0.0024,-6,0,0
1048,-245,0.0012,-6,0,0
1049,-245,-0.0012,-6,0,0
1050,-245,-0.0012,-6,0,0
1051,-245,0.0012,-6,0,0
1052,-245,0,-6,0,0
1053,-245,0,-6,0,0
1054,-245,0.0012,-6,0,0
1055,-245,-0.0024,-6,0,0
1056,-245,0.0012,-6,0,0
1057,-245,-0.0012,-6,0,0
1058,-245,0,-6,0,0
1059,-245,0.0012,-6,0,0
1060,-245,0.0024,-6,0,0
1061,-245,0.0012,-6,0,0
1062,-245,0.0036,-6,0,0
1063,-245,0.0024,-6,0,0
1064,-245,-0.0012,-6,0,0
1065,-245,0.0024,-6,0,0
1066,-245,-0.0012,-6,0,0
1067,-245,-0.0012,-6,0,0
1068,-245,-0.0012,-6,0,0
1069,-245,0.0024,-6,0,0
1070,-245,-0.0012,-6,0,0
1071,-245,-0.0012,-6,0,0
1072,-245,0.0024,-6,0,0
1073,-245,0,-6,0,0
1074,-245,0.0012,-6,0,0
1075,-245,0.0012,-6,0,0
1076,-245,0,-6,0,0
1077,-245,0,-6,0,0
1078,-245,0.0012,-6,0,0
1079,-245,0,-6,0,0
1080,-245,0.0024,-6,0,0
1081,-245,-0.0012,-6,0,0
1082,-245,-0.006,-6,0,0
1083,-245,-0.0024,-6,0,0
1084,-245,-0.0024,-6,0,0
1085,-245,0.0048,-6,0,0
1086,-245,-0.0012,-6,0,0
1087,-245,0,-6,0,0
1088,-245,0,-6,0,0
1089,-245,0.0072,-6,0,0
1090,-245,0,-6,0,0
1091,-245,0,-6,0,0
1092,-245,0.0024,-6,0,0
1093,-245,-0.0036,-6,0,0
1094,-245,-0.0024,-6,0,0
1095,-245,0.0012,-6,0,0
1096,-245,-0.0036,-6,0,0
1097,-245,0,-6,0,0
1098,-245,-0.0012,-6,0,0
1099,-245,0,-6,0,0
1100,-245,0.0024,-6,0,0
1101,-245,0,-6,0,0
1102,-245,0,-6,0,0
1103,-245,0,-6,0,0
1104,-245,0,-6,0,0
1105,-245,0.0012,-6,0,0
1106,-245,0.0012,-6,0,0
1107,-245,-0.0036,-6,0,0
1108,-245,0.0024,-6,0,0
1109,-245,-0.0024,-6,0,0
1110,-245,-0.0012,-6,0,0
1111,-245,0.0012,-6,0,0
1112,-245,0.0024,-6,0,0
1113,-245,-0.0024,-6,0,0
1114,-245,0.0012,-6,0,0
1115,-245,-0.0036,-6,0,0
1116,-245,0,-6,0,0
1117,-245,-0.006,-6,0,0
1118,-245,0,-6,0,0
1119,-245,0.0024,-6,0,0
1120,-245,0,-6,0,0
1121,-245,-0.0036,-6,0,0
1122,-245,-0.0012,-6,0,0
1123,-245,0.0036,-6,0,0
1124,-245,0,-6,0,0
1125,-245,-0.0024,-6,0,0
1126,-245,0.0024,-6,0,0
1127,-245,0.0024,-6,0,0
1128,-245,0.0012,-6,0,0
1129,-245,0,-6,0,0
1130,-245,0,-6,0,0
1131,-245,-0.0024,-6,0,0
1132,-245,0,-6,0,0
1133,-245,-0.0012,-6,0,0
1134,-245,0,-6,0,0
1135,-245,-0.0024,-6,0,0
1136,-245,0.0012,-6,0,0
1137,-245,0.0024,-6,0,0
1138,-245,0.0012,-6,0,0
1139,-245,0,-6,0,0
1140,-245,-0.0036,-6,0,0
1141,-245,-0.0024,-6,0,0
1142,-245,0.0036,-6,0,0
1143,-245,0.0036,-6,0,0
1144,-245,0.0012,-6,0,0
1145,-245,-0.0036,-6,0,0
1146,-245,0,-6,0,0
1147,-245,0.0024,-6,0,0
1148,-245,-0.0024,-6,0,0
1149,-245,0.0024,-6,0,0
1150,-245,-0.0036,-6,0,0
1151,-245,-0.0024,-6,0,0
1152,-245,-0.0012,-6,0,0
1153,-245,0.006,-6,0,0
1154,-245,0,-6,0,0
1155,-245,-0.0012,-6,0,0
1156,-245,0.0012,-6,0,0
1157,-245,0,-6,0,0
1158,-245,0,-6,0,0
1159,-245,-0.0012,-6,0,0
1160,-245,0.0012,-6,0,0
1161,-245,0.0036,-6,0,0
1162,-245,0.0036,-6,0,0
1163,-245,0.0024,-6,0,0
1164,-245,-0.0012,-6,0,0
1165,-245,0.0024,-6,0,0
1166,-245,0,-6,0,0
1167,-245,0.0012,-6,0,0
1168,-245,0,-6,0,0
1169,-245,-0.0012,-6,0,0
1170,-245,-0.0024,-6,0,0
1171,-245,-0.0012,-6,0,0
1172,-245,0.0012,-6,0,0
1173,-245,0.0012,-6,0,0
1174,-245,0,-6,0,0
1175,-245,0.0024,-6,0,0
1176,-245,-0.0048,-6,0,0
1177,-245,0.0024,-6,0,0
1178,-245,0,-6,0,0
1179,-245,0,-6,0,0
1180,-245,0,-6,0,0
1181,-245,0.0012,-6,0,0
1182,-245,0,-6,0,0
1183,-245,0,-6,0,0
1184,-245,0.0036,-6,0,0
1185,-245,0,-6,0,0
1186,-245,-0.0012,-6,0,0
1187,-245,-0.0012,-6,0,0
1188,-245,0,-6,0,0
1189,-245,0,-6,0,0
1190,-245,0.0012,-6,0,0
1191,-245,0.0024,-6,0,0
1192,-245,-0.0012,-6,0,0
1193,-245,0,-6,0,0
1194,-245,0.0048,-6,0,0
1195,-245,0.0036,-6,0,0
1196,-245,0,-6,0,0
1197,-245,0.0012,-6,0,0
1198,-245,0.0012,-6,0,0
1199,-245,-0.0012,-6,0,0
1200,-245,-0.0048,-6,0,0
1201,-245,-0.0036,-6,0,0
1202,-245,-0.0036,-6,0,0
1203,-245,0.0024,-6,0,0
1204,-245,0.0024,-6,0,0
1205,-245,-0.0012,-6,0,0
1206,-245,-0.0036,-6,0,0
1207,-245,-0.0024,-6,0,0
1208,-245,-0.0036,-6,0,0
1209,-245,0,-6,0,0
1210,-245,0.0012,-6,0,0
1211,-245,0.0012,-6,0,0
1212,-245,0.0012,-6,0,0
1213,-245,-0.0012,-6,0,0
1214,-245,0.0012,-6,0,0
1215,-245,-0.0024,-6,0,0
1216,-245,-0.0036,-6,0,0
1217,-245,0.0048,-6,0,0
1218,-245,0.0048,-6,0,0
1219,-245,-0.0012,-6,0,0
1220,-245,-0.0012,-6,0,0
1221,-245,-0.0036,-6,0,0
1222,-245,0.0012,-6,0,0
1223,-245,0.0048,-6,0,0
1224,-245,0.0048,-6,0,0
1225,-245,0.0072,-6,0,0
1226,-245,-0.0012,-6,0,0
1227,-245,-0.0072,-6,0,0
1228,-245,-0.0072,-6,0,0
1229,-245,-0.0036,-6,0,0
1230,-245,0.0024,-6,0,0
1231,-245,0.0048,-6,0,0
1232,-245,0.0036,-6,0,0
1233,-245,0.0012,-6,0,0
1234,-245,-0.0048,-6,0,0
1235,-245,-0.0036,-6,0,0
1236,-245,0,-6,0,0
1237,-245,0,-6,0,0
1238,-245,0.0048,-6,0,0
1239,-245,0,-6,0,0
1240,-245,-0.0012,-6,0,0
1241,-245,-0.006,-6,0,0
1242,-245,0,-6,0,0
1243,-245,0.006,-6,0,0
1244,-245,0.006,-6,0,0
1245,-245,0.0024,-6,0,0
1246,-245,-0.0012,-6,0,0
1247,-245,0,-6,0,0
1248,-245,0,-6,0,0
1249,-245,0.0036,-6,0,0
1250,-245,-0.0024,-6,0,0
1251,-245,-0.0012,-6,0,0
1252,-245,-0.0024,-6,0,0
1253,-245,-0.0024,-6,0,0
1254,-245,0,-6,0,0
1255,-245,0.0048,-6,0,0
1256,-245,-0.0024,-6,0,0
1257,-245,-0.0024,-6,0,0
1258,-245,-0.006,-6,0,0
1259,-245,0,-6,0,0
1260,-245,0.0024,-6,0,0
1261,-245,0,-6,0,0
1262,-245,-0.0012,-6,0,0
1263,-245,-0.006,-6,0,0
1264,-245,0.0012,-6,0,0
1265,-245,-0.0012,-6,0,0
1266,-245,0.0012,-6,0,0
1267,-245,0.0072,-6,0,0
1268,-245,0.0036,-6,0,0
1269,-245,0.0012,-6,0,0
1270,-245,-0.0024,-6,0,0
1271,-245,0,-6,0,0
1272,-245,0,-6,0,0
1273,-245,-0.0036,-6,0,0
1274,-245,0,-6,0,0
1275,-245,0.0012,-6,0,0
1276,-245,0.0036,-6,0,0
1277,-245,0.0024,-6,0,0
1278,-245,-0.0036,-6,0,0
1279,-245,-0.0036,-6,0,0
1280,-245,0,-6,0,0
1281,-245,0.0012,-6,0,0
1282,-245,-0.0024,-6,0,0
1283,-245,0,-6,0,0
1284,-245,0.0024,-6,0,0
1285,-245,0.0012,-6,0,0
1286,-245,-0.0024,-6,0,0
1287,-245,-0.0012,-6,0,0
1288,-245,-0.0012,-6,0,0
1289,-245,0.0012,-6,0,0
1290,-245,0,-6,0,0
1291,-245,0,-6,0,0
1292,-245,0,-6,0,0
1293,-245,0.0036,-6,0,0
1294,-245,0.0024,-7,0,0
1295,-245,-0.0012,-6,0,0
1296,-245,0.0012,-6,0,0
1297,-245,-0.0036,-6,0,0
1298,-245,0.0012,-6,0,0
1299,-245,0.0024,-6,0,0
1300,-245,0.0012,-6,0,0
1301,-245,-0.0024,-6,0,0
1302,-245,0,-6,0,0
1303,-245,0.0012,-6,0,0
1304,-245,-0.0012,-6,0,0
1305,-245,0,-6,0,0
1306,-245,0.0012,-6,0,0
1307,-245,-0.0012,-6,0,0
1308,-245,0,-6,0,0
1309,-245,-0.0024,-6,0,0
1310,-245,0,-6,0,0
1311,-245,-0.0012,-6,0,0
1312,-245,0.0036,-6,0,0
1313,-245,-0.0012,-6,0,0
1314,-245,0,-6,0,0
1315,-245,0,-6,0,0
1316,-245,0,-6,0,0
1317,-245,0,-6,0,0
1318,-245,-0.0024,-6,0,0
1319,-245,-0.0036,-6,0,0
1320,-245,0.0012,-6,0,0
1321,-245,-0.0012,-6,0,0
1322,-245,0.0036,-6,0,0
1323,-245,0.0024,-6,0,0
1324,-245,-0.0012,-6,0,0
1325,-245,0,-6,0,0
1326,-245,0,-6,0,0
1327,-245,-0.0024,-6,0,0
1328,-245,0.0048,-6,0,0
1329,-245,-0.0012,-6,0,0
1330,-245,0.0012,-6,0,0
1331,-245,0.0024,-6,0,0
1332,-245,-0.0024,-6,0,0
1333,-245,0,-6,0,0
1334,-245,0,-6,0,0
1335,-245,0,-6,0,0
1336,-245,0.0012,-6,0,0
1337,-245,0,-6,0,0
1338,-245,0,-6,0,0
1339,-245,0,-6,0,0
1340,-245,-0.0024,-6,0,0
1341,-245,-0.0012,-6,0,0
1342,-245,0,-6,0,0
1343,-245,-0.0024,-6,0,0
1344,-245,0.0012,-6,0,0
1345,-245,-0.0012,-6,0,0
1346,-245,-0.0024,-6,0,0
1347,-245,0.0024,-6,0,0
1348,-245,-0.0024,-6,0,0
1349,-245,0.0012,-6,0,0
1350,-245,0.0024,-6,0,0
1351,-245,0,-6,0,0
1352,-245,0,-6,0,0
1353,-245,-0.0012,-6,0,0
1354,-245,0,-6,0,0
1355,-245,0.006,-6,0,0
1356,-245,0,-6,0,0
1357,-245,-0.0012,-6,0,0
1358,-245,-0.0012,-6,0,0
1359,-245,0,-6,0,0
1360,-245,0.0024,-6,0,0
1361,-245,0.0036,-6,0,0
1362,-245,0.0012,-6,0,0
1363,-245,-0.0036,-6,0,0
1364,-245,0,-6,0,0
1365,-245,0.0024,-6,0,0
1366,-245,0,-6,0,0
1367,-245,0.0012,-6,0,0
1368,-245,0,-6,0,0
1369,-245,-0.0012,-6,0,0
1370,-245,0.0024,-6,0,0
1371,-245,0,-6,0,0
1372,-245,-0.0024,-6,0,0
1373,-245,0.0024,-6,0,0
1374,-245,0.0024,-6,0,0
1375,-245,0,-6,0,0
1376,-245,0.0012,-6,0,0
1377,-245,-0.0012,-6,0,0
1378,-245,-0.0048,-6,0,0
1379,-245,0.0036,-6,0,0
1380,-245,0.0024,-6,0,0
1381,-245,-0.0024,-6,0,0
1382,-245,0.0012,-6,0,0
1383,-245,-0.0024,-6,0,0
1384,-245,0.0024,-6,0,0
1385,-245,0.0012,-6,0,0
1386,-245,0,-6,0,0
1387,-245,-0.0048,-7,0,0
1388,-245,-0.0048,-6,0,0
1389,-245,0.0012,-6,0,0
1390,-245,0.0048,-6,0,0
1391,-245,-0.0012,-6,0,0
1392,-245,0.0036,-6,0,0
1393,-245,-0.0012,-6,0,0
1394,-245,-0.0036,-6,0,0
1395,-245,-0.0012,-6,0,0
1396,-245,0.0024,-6,0,0
1397,-245,0,-6,0,0
1398,-245,0,-6,0,0
1399,-245,-0.0024,-7,0,0
1400,-245,-0.0036,-6,0,0
1401,-245,0,-6,0,0
1402,-245,-0.0036,-6,0,0
1403,-245,0.0024,-6,0,0
1404,-245,0.0024,-6,0,0
1405,-245,-0.0024,-7,0,0
1406,-245,-0.0012,-6,0,0
1407,-245,-0.0024,-6,0,0
1408,-245,0.0036,-6,0,0
1409,-245,0.0036,-7,0,0
1410,-245,-0.0036,-6,0,0
1411,-245,-0.0012,-6,0,0
1412,-245,0.0012,-6,0,0
1413,-245,0.0024,-6,0,0
1414,-245,0.0012,-6,0,0
1415,-245,-0.0012,-6,0,0
1416,-245,-0.0012,-6,0,0
1417,-245,-0.0024,-6,0,0
1418,-245,-0.0012,-6,0,0
1419,-245,0.0036,-6,0,0
1420,-245,-0.0036,-6,0,0
1421,-245,-0.0048,-6,0,0
1422,-245,0.0024,-6,0,0
1423,-245,0,-6,0,0
1424,-245,0.0072,-6,0,0
1425,-245,0,-6,0,0
1426,-245,0.0012,-6,0,0
1427,-245,0.0024,-6,0,0
1428,-245,0,-7,0,0
1429,-245,-0.0024,-7,0,0
1430,-245,0,-6,0,0
1431,-245,0.0012,-6,0,0
1432,-245,0.006,-6,0,0
1433,-245,-0.0036,-7,0,0
1434,-245,-0.0072,-6,0,0
1435,-245,0,-6,0,0
1436,-245,-0.0012,-6,0,0
1437,-245,0.0036,-6,0,0
1438,-245,0.0012,-6,0,0
1439,-245,-0.006,-6,0,0
1440,-245,-0.0012,-6,0,0
1441,-245,-0.0012,-6,0,0
1442,-245,0.0024,-6,0,0
1443,-245,0.0024,-6,0,0
1444,-245,-0.0036,-6,0,0
1445,-245,-0.0024,-6,0,0
1446,-245,0,-6,0,0
1447,-245,-0.0024,-6,0,0
1448,-245,-0.0024,-6,0,0
1449,-245,0,-6,0,0
1450,-245,-0.0012,-6,0,0
1451,-245,0.0024,-6,0,0
1452,-245,0.0048,-6,0,0
1453,-245,0.0048,-6,0,0
1454,-245,-0.0036,-6,0,0
1455,-245,0.0036,-6,0,0
1456,-245,0.0012,-6,0,0
1457,-245,-0.0024,-6,0,0
1458,-245,-0.0024,-6,0,0
1459,-245,0,-6,0,0
1460,-245,0.0012,-6,0,0
1461,-245,0.0024,-6,0,0
1462,-245,-0.0012,-6,0,0
1463,-245,0.0012,-6,0,0
1464,-245,0.0012,-6,0,0
1465,-245,0,-6,0,0
1466,-245,-0.0048,-6,0,0
1467,-245,-0.0012,-6,0,0
1468,-245,0.006,-6,0,0
1469,-245,-0.0024,-6,0,0
1470,-245,-0.0012,-6,0,0
1471,-245,0.0012,-6,0,0
1472,-245,-0.0024,-6,0,0
1473,-245,0.0036,-6,0,0
1474,-245,0.0036,-6,0,0
1475,-245,-0.0012,-6,0,0
1476,-245,0.0012,-6,0,0
1477,-245,0,-6,0,0
1478,-245,-0.0036,-6,0,0
1479,-245,0,-6,0,0
1480,-245,0,-6,0,0
1481,-245,0.0012,-6,0,0
1482,-245,-0.0012,-6,0,0
1483,-245,0,-6,0,0
1484,-245,-0.0012,-6,0,0
1485,-245,0,-6,0,0
1486,-245,0.0024,-6,0,0
1487,-245,0,-6,0,0
1488,-245,0,-6,0,0
1489,-245,-0.006,-6,0,0
1490,-245,0.0012,-6,0,0
1491,-245,-0.0012,-6,0,0
1492,-245,0,-6,0,0
1493,-245,0.0012,-6,0,0
1494,-245,-0.0012,-6,0,0
1495,-245,-0.0036,-6,0,0
1496,-245,0,-6,0,0
1497,-245,0.0012,-6,0,0
1498,-245,0.0036,-6,0,0
1499,-245,0.0048,-6,0,0
1500,-245,-0.0024,-6,0,0
1501,-245,-0.0024,-6,0,0
1502,-245,-0.0024,-6,0,0
1503,-245,0.0012,-6,0,0
1504,-245,0.0036,-6,0,0
1505,-245,-0.0012,-6,0,0
1506,-245,-0.0048,-6,0,0
1507,-245,-0.006,-6,0,0
1508,-245,0.0024,-6,0,0
1509,-245,0.0036,-6,0,0
1510,-245,-0.0036,-6,0,0
1511,-245,-0.0036,-6,0,0
1512,-245,-0.0012,-6,0,0
1513,-245,0.0024,-6,0,0
1514,-245,0,-6,0,0
1515,-245,0,-6,0,0
1516,-245,-0.006,-6,0,0
1517,-245,0.0012,-6,0,0
1518,-245,0.0024,-6,0,0
1519,-245,0.0012,-6,0,0
1520,-245,-0.0012,-6,0,0
1521,-245,0,-6,0,0
1522,-245,-0.0024,-6,0,0
1523,-245,0,-6,0,0
1524,-245,0.0012,-6,0,0
1525,-245,0,-6,0,0
1526,-245,0.0012,-6,0,0
1527,-245,0.0012,-6,0,0
1528,-245,-0.0012,-6,0,0
1529,-245,0.0012,-6,0,0
1530,-245,0,-6,0,0
1531,-245,0,-6,0,0
1532,-245,0.0012,-6,0,0
1533,-245,0.0036,-6,0,0
1534,-245,-0.0024,-6,0,0
1535,-245,0,-6,0,0
1536,-245,0.0036,-6,0,0
1537,-245,0.0012,-6,0,0
1538,-245,0.0036,-6,0,0
1539,-245,0,-6,0,0
1540,-245,-0.0024,-6,0,0
1541,-245,0.0036,-6,0,0
1542,-245,-0.0012,-6,0,0
1543,-245,-0.0012,-6,0,0
1544,-245,0,-6,0,0
1545,-245,0.0024,-6,0,0
1546,-245,0.0036,-6,0,0
1547,-245,-0.0072,-6,0,0
1548,-245,-0.0036,-6,0,0
1549,-245,0.0012,-6,0,0
1550,-245,-0.0012,-6,0,0
1551,-245,0,-6,0,0
1552,-245,0,-6,0,0
1553,-245,-0.0012,-6,0,0
1554,-245,0.0024,-6,0,0
1555,-245,0,-6,0,0
1556,-245,-0.0024,-6,0,0
1557,-245,0.0024,-6,0,0
1558,-245,-0.0012,-6,0,0
1559,-245,0,-6,0,0
1560,-245,0.0024,-6,0,0
1561,-245,0,-6,0,0
1562,-245,-0.0024,-6,0,0
1563,-245,-0.0036,-6,0,0
1564,-245,0,-6,0,0
1565,-245,0,-6,0,0
1566,-245,0,-6,0,0
1567,-245,-0.0024,-6,0,0
1568,-245,0,-6,0,0
1569,-245,0.0012,-6,0,0
1570,-245,0,-6,0,0
1571,-245,0.0024,-6,0,0
1572,-245,0.0024,-6,0,0
1573,-245,-0.0083,-6,0,0
1574,-245,0.0012,-6,0,0
1575,-245,0.0048,-6,0,0
1576,-245,0,-6,0,0
1577,-245,0.0012,-6,0,0
1578,-245,0,-6,0,0
1579,-245,0,-6,0,0
1580,-245,-0.0036,-6,0,0
1581,-245,0.0048,-6,0,0
1582,-245,0.0036,-6,0,0
1583,-245,0,-6,0,0
1584,-245,-0.0024,-6,0,0
1585,-245,-0.0012,-6,0,0
1586,-245,0.0036,-6,0,0
1587,-245,-0.0036,-6,0,0
1588,-245,-0.0036,-6,0,0
1589,-245,-0.0036,-6,0,0
1590,-245,0.0012,-6,0,0
1591,-245,0.0012,-6,0,0
1592,-245,-0.0012,-6,0,0
1593,-245,-0.0036,-6,0,0
1594,-245,0,-6,0,0
1595,-245,0.0024,-6,0,0
1596,-245,0.0012,-6,0,0
1597,-245,0.0024,-6,0,0
1598,-245,-0.0012,-6,0,0
1599,-245,0.0012,-6,0,0
1600,-245,0.0036,-6,0,0
1601,-245,0.0012,-6,0,0
1602,-245,-0.006,-6,0,0
1603,-245,0,-6,0,0
1604,-245,0.006,-6,0,0
1605,-245,-0.0036,-6,0,0
1606,-245,0,-6,0,0
1607,-245,0,-6,0,0
1608,-245,0.0012,-6,0,0
1609,-245,0,-6,0,0
1610,-245,0.0012,-6,0,0
1611,-245,-0.0012,-6,0,0
1612,-245,-0.0024,-6,0,0
1613,-245,0,-6,0,0
1614,-245,-0.0036,-6,0,0
1615,-245,0,-6,0,0
1616,-245,-0.0036,-6,0,0
1617,-245,0.0024,-6,0,0
1618,-245,0.0024,-6,0,0
1619,-245,-0.0083,-6,0,0
1620,-245,-0.0024,-6,0,0
1621,-245,0.0048,-6,0,0
1622,-245,0.006,-6,0,0
1623,-245,-0.0048,-6,0,0
1624,-245,-0.0024,-6,0,0
1625,-245,-0.0012,-6,0,0
1626,-245,-0.0012,-6,0,0
1627,-245,0.0012,-6,0,0
1628,-245,-0.0024,-6,0,0
1629,-245,0,-6,0,0
1630,-245,0.0024,-6,0,0
1631,-245,-0.0048,-6,0,0
1632,-245,0,-6,0,0
1633,-245,0.0012,-6,0,0
1634,-245,-0.0012,-6,0,0
1635,-245,0.0012,-6,0,0
1636,-245,0.0036,-6,0,0
1637,-245,0.0024,-6,0,0
1638,-245,0,-6,0,0
1639,-245,0.0012,-6,0,0
1640,-245,-0.0012,-6,0,0
1641,-245,-0.0012,-6,0,0
1642,-245,0,-6,0,0
1643,-245,0,-6,0,0
1644,-245,-0.0024,-6,0,0
1645,-245,0,-6,0,0
1646,-245,0.0012,-6,0,0
1647,-245,-0.0036,-6,0,0
1648,-245,0,-6,0,0
1649,-245,0.0036,-6,0,0
1650,-245,-0.0024,-6,0,0
1651,-245,-0.0048,-6,0,0
1652,-245,0.0048,-6,0,0
1653,-245,0.006,-6,0,0
1654,-245,-0.0012,-6,0,0
1655,-245,0,-6,0,0
1656,-245,0,-6,0,0
1657,-245,0.0024,-6,0,0
1658,-245,0,-6,0,0
1659,-245,0,-6,0,0
1660,-245,0.0024,-6,0,0
1661,-245,-0.0036,-6,0,0
1662,-245,-0.0012,-6,0,0
1663,-245,-0.0024,-6,0,0
1664,-245,0,-6,0,0
1665,-245,-0.0036,-7,0,0
1666,-245,-0.0024,-6,0,0
1667,-245,-0.0024,-6,0,0
1668,-245,-0.0036,-6,0,0
1669,-245,0.0024,-6,0,0
1670,-245,0.0024,-6,0,0
1671,-245,0.0012,-6,0,0
1672,-245,-0.0048,-6,0,0
1673,-245,0,-6,0,0
1674,-245,-0.0012,-6,0,0
1675,-245,-0.0012,-6,0,0
1676,-245,0,-6,0,0
1677,-245,0.0036,-6,0,0
1678,-245,-0.0024,-6,0,0
1679,-245,0.0024,-6,0,0
1680,-245,-0.0036,-6,0,0
1681,-245,0.0024,-6,0,0
1682,-245,0.0036,-6,0,0
1683,-245,-0.0048,-6,0,0
1684,-245,-0.0024,-6,0,0
1685,-245,0.0024,-6,0,0
1686,-245,0,-6,0,0
1687,-245,0,-6,0,0
1688,-245,0,-6,0,0
1689,-245,0,-6,0,0
1690,-245,0.0036,-6,0,0
1691,-245,-0.0024,-6,0,0
1692,-245,-0.006,-6,0,0
1693,-245,0.0024,-6,0,0
1694,-245,0.0012,-6,0,0
1695,-245,0.006,-6,0,0
1696,-245,-0.0012,-6,0,0
1697,-245,-0.0036,-7,0,0
1698,-245,-0.0048,-6,0,0
1699,-245,0.0012,-6,0,0
1700,-245,0.0024,-6,0,0
1701,-245,0.0036,-6,0,0
1702,-245,-0.0012,-6,0,0
1703,-245,-0.0036,-6,0,0
1704,-245,-0.0048,-6,0,0
1705,-245,0.0012,-6,0,0
1706,-245,0.0036,-7,0,0
1707,-245,-0.0024,-6,0,0
1708,-245,0,-6,0,0
1709,-245,-0.0036,-6,0,0
1710,-245,0.0072,-6,0,0
1711,-245,0,-7,0,0
1712,-245,0,-6,0,0
1713,-245,0.0012,-6,0,0
1714,-245,-0.0024,-6,0,0
1715,-245,-0.0012,-6,0,0
1716,-245,0.0024,-6,0,0
1717,-245,0,-6,0,0
1718,-245,-0.0012,-6,0,0
1719,-245,-0.0012,-6,0,0
1720,-245,0.0012,-6,0,0
1721,-245,0,-6,0,0
1722,-245,0,-6,0,0
1723,-245,0.0012,-6,0,0
1724,-245,0,-6,0,0
1725,-245,0.0012,-6,0,0
1726,-245,0,-6,0,0
1727,-245,-0.0048,-6,0,0
1728,-245,-0.0012,-6,0,0
1729,-245,0.0036,-6,0,0
1730,-245,0,-6,0,0
1731,-245,-0.0024,-7,0,0
1732,-245,-0.0012,-6,0,0
1733,-245,0,-6,0,0
1734,-245,0.0024,-6,0,0
1735,-245,0,-6,0,0
1736,-245,-0.0048,-7,0,0
1737,-245,-0.0024,-6,0,0
1738,-245,0.0012,-6,0,0
1739,-245,0,-6,0,0
1740,-245,0,-6,0,0
1741,-245,-0.0036,-6,0,0
1742,-245,-0.0048,-6,0,0
1743,-245,0.006,-6,0,0
1744,-245,0.0012,-6,0,0
1745,-245,-0.0024,-6,0,0
1746,-245,-0.0012,-6,0,0
1747,-245,0.0012,-6,0,0
1748,-245,-0.0012,-6,0,0
1749,-245,-0.0024,-6,0,0
1750,-245,0.0024,-6,0,0
1751,-245,-0.0012,-6,0,0
1752,-245,0.0012,-6,0,0
1753,-245,0,-6,0,0
1754,-245,0.0036,-6,0,0
1755,-245,-0.0024,-6,0,0
1756,-245,0.0024,-6,0,0
1757,-245,0,-6,0,0
1758,-245,-0.0036,-6,0,0
1759,-245,0.0012,-6,0,0
1760,-245,0.0012,-6,0,0
1761,-245,-0.0012,-6,0,0
1762,-245,0.0024,-6,0,0
1763,-245,0,-6,0,0
1764,-245,0.0012,-6,0,0
1765,-245,-0.0036,-6,0,0
1766,-245,0.0036,-6,0,0
1767,-245,0,-7,0,0
1768,-245,0.0024,-6,0,0
1769,-245,0.0012,-6,0,0
1770,-245,0.0012,-6,0,0
1771,-245,0.0024,-6,0,0
1772,-245,-0.0024,-6,0,0
1773,-245,0.0048,-6,0,0
1774,-245,0,-6,0,0
1775,-245,0.0012,-6,0,0
1776,-245,-0.0024,-6,0,0
1777,-245,0.0012,-6,0,0
1778,-245,0.0012,-6,0,0
1779,-245,0,-6,0,0
1780,-245,-0.006,-6,0,0
1781,-245,0,-6,0,0
1782,-245,-0.0012,-6,0,0
1783,-245,0.0024,-6,0,0
1784,-245,-0.0024,-6,0,0
1785,-245,-0.0036,-6,0,0
1786,-245,0.0024,-6,0,0
1787,-245,0,-6,0,0
1788,-245,0,-6,0,0
1789,-245,0.0012,-6,0,0
1790,-245,0,-6,0,0
1791,-245,-0.0012,-6,0,0
1792,-245,0,-6,0,0
1793,-245,0,-6,0,0
1794,-245,-0.0083,-6,0,0
1795,-245,0.0024,-6,0,0
1796,-245,-0.0024,-6,0,0
1797,-245,0,-6,0,0
1798,-245,0.0024,-6,0,0
1799,-245,0,-6,0,0
1800,-245,0.0024,-6,0,0
1801,-245,-0.0012,-6,0,0
1802,-245,0.0024,-6,0,0
1803,-245,0.0012,-6,0,0
1804,-245,0,-6,0,0
1805,-245,0,-6,0,0
1806,-245,-0.0036,-6,0,0
1807,-245,0.0036,-6,0,0
1808,-245,0.0012,-6,0,0
1809,-245,-0.0012,-6,0,0
1810,-245,-0.0012,-7,0,0
1811,-245,-0.0012,-6,0,0
1812,-245,0.0012,-6,0,0
1813,-245,-0.0012,-6,0,0
1814,-245,0,-6,0,0
1815,-245,-0.0024,-6,0,0
1816,-245,-0.0036,-6,0,0
1817,-245,0.0024,-6,0,0
1818,-245,0,-6,0,0
1819,-245,0,-6,0,0
1820,-245,0.0024,-6,0,0
1821,-245,0.0012,-6,0,0
1822,-245,-0.0012,-6,0,0
1823,-245,0.0012,-6,0,0
1824,-245,0.0036,-6,0,0
1825,-245,-0.0024,-6,0,0
1826,-245,-0.0012,-6,0,0
1827,-245,-0.0012,-6,0,0
1828,-245,-0.0012,-6,0,0
1829,-245,0.0036,-6,0,0
1830,-245,-0.0012,-6,0,0
1831,-245,0,-6,0,0
1832,-245,-0.0024,-6,0,0
1833,-245,0,-6,0,0
1834,-245,-0.0024,-6,0,0
1835,-245,0.0012,-7,0,0
1836,-245,-0.0024,-6,0,0
1837,-245,0.0024,-6,0,0
1838,-245,-0.0024,-6,0,0
1839,-245,0,-6,0,0
1840,-245,-0.0048,-6,0,0
1841,-245,0,-6,0,0
1842,-245,0.0012,-6,0,0
1843,-245,0,-6,0,0
1844,-245,-0.0012,-7,0,0
1845,-245,0.0012,-6,0,0
1846,-245,0,-6,0,0
1847,-245,-0.0024,-6,0,0
1848,-245,0.0048,-6,0,0
1849,-245,-0.0036,-7,0,0
1850,-245,0.0024,-6,0,0
1851,-245,0.0012,-6,0,0
1852,-245,0,-6,0,0
1853,-245,-0.0012,-6,0,0
1854,-245,0,-6,0,0
1855,-245,-0.0048,-6,0,0
1856,-245,0.0036,-6,0,0
1857,-245,0,-6,0,0
1858,-245,-0.0036,-6,0,0
1859,-245,0.0012,-6,0,0
1860,-245,0,-6,0,0
1861,-245,0,-6,0,0
1862,-245,0.0036,-6,0,0
1863,-245,0.0012,-6,0,0
1864,-245,0.0012,-6,0,0
1865,-245,0,-6,0,0
1866,-245,0.0036,-6,0,0
1867,-245,0.0012,-6,0,0
1868,-245,0.0036,-6,0,0
1869,-245,-0.0012,-6,0,0
1870,-245,-0.0036,-6,0,0
1871,-245,0,-7,0,0
1872,-245,-0.0012,-6,0,0
1873,-245,-0.0024,-6,0,0
1874,-245,0.0024,-6,0,0
1875,-245,-0.0024,-7,0,0
1876,-245,0.0036,-6,0,0
1877,-245,0,-6,0,0
1878,-245,0.0036,-6,0,0
1879,-245,-0.0012,-6,0,0
1880,-245,0,-6,0,0
1881,-245,0,-6,0,0
1882,-245,0.0048,-6,0,0
1883,-245,0,-6,0,0
1884,-245,-0.0012,-6,0,0
1885,-245,0,-6,0,0
1886,-245,0.0036,-6,0,0
1887,-245,-0.0036,-6,0,0
1888,-245,0,-6,0,0
1889,-245,-0.0012,-6,0,0
1890,-245,0.0012,-7,0,0
1891,-245,0.0012,-6,0,0
1892,-245,-0.0024,-7,0,0
1893,-245,0.0012,-6,0,0
1894,-245,0.0024,-6,0,0
1895,-245,0.0036,-6,0,0
1896,-245,0,-6,0,0
1897,-245,0.0024,-6,0,0
1898,-245,0,-6,0,0
1899,-245,0.0024,-6,0,0
1900,-245,-0.0036,-6,0,0
1901,-245,0.0036,-6,0,0
1902,-245,0,-7,0,0
1903,-245,0,-6,0,0
1904,-245,0.0024,-6,0,0
1905,-245,-0.0048,-6,0,0
1906,-245,0.0024,-6,0,0
1907,-245,-0.0024,-6,0,0
1908,-245,0.0024,-6,0,0
1909,-245,-0.0048,-7,0,0
1910,-245,0,-6,0,0
1911,-245,0.0024,-6,0,0
1912,-245,0.0024,-6,0,0
1913,-245,0.0012,-6,0,0
1914,-245,0.0024,-7,0,0
1915,-245,-0.0036,-6,0,0
1916,-245,0.0048,-6,0,0
1917,-245,-0.0012,-6,0,0
1918,-245,0,-6,0,0
1919,-245,-0.0024,-6,0,0
1920,-245,-0.0024,-6,0,0
1921,-245,-0.0024,-6,0,0
1922,-245,0,-6,0,0
1923,-245,0.0024,-6,0,0
1924,-245,-0.0012,-6,0,0
1925,-245,0.0048,-6,0,0
1926,-245,-0.0024,-6,0,0
1927,-245,-0.0024,-6,0,0
