cnt,pos,speed,DTorque,DAC,STorque,Force,Dir
1,25.3167,-0.0061,16,0,0,2,0
2,25.3167,0,16,0,0,2,0
3,25.3167,0.0091,16,0,0,2,0
4,25.3167,-0.003,16,0,0,2,0
5,25.3167,-0.0122,16,0,0,2,0
6,25.3167,-0.003,16,0,0,2,0
7,25.3167,0.0091,16,0,0,2,0
8,25.3167,-0.0091,16,0,0,2,0
9,25.3167,-0.003,16,0,0,2,0
10,25.3167,-0.0061,16,0,0,2,0
11,25.3167,-0.0061,16,0,0,2,0
12,25.3167,-0.0061,16,0,0,2,0
13,25.3167,-0.0061,16,0,0,2,0
14,25.3167,0.0061,16,0,0,2,0
15,25.3167,-0.0091,16,0,0,2,0
16,25.3167,-0.003,16,0,0,2,0
17,25.3167,0,16,0,0,2,0
18,25.3167,-0.0091,16,0,0,2,0
19,25.3167,0.0061,16,0,0,2,0
20,25.3167,-0.0061,16,0,0,2,0
21,25.3167,0.003,16,0,0,2,0
22,25.3167,0.003,16,0,0,2,0
23,25.3167,-0.0061,16,0,0,2,0
24,25.3167,-0.0091,16,0,0,2,0
25,25.3167,0.0091,16,0,0,2,0
26,25.3167,-0.0091,16,0,0,2,0
27,25.3167,0.0061,16,0,0,2,0
28,25.3167,0.0061,16,0,0,2,0
29,25.3167,0,16,0,0,2,0
30,25.3167,-0.003,16,0,0,2,0
31,25.3167,0,16,0,0,2,0
32,25.3167,0.003,16,0,0,2,0
33,25.3167,-0.0061,16,0,0,2,0
34,25.3167,-0.0061,16,0,0,2,0
35,25.3167,0.003,16,0,0,2,0
36,25.3167,0.0061,16,0,0,2,0
37,25.3167,-0.0061,16,0,0,2,0
38,25.3167,-0.0091,16,0,0,2,0
39,25.3167,-0.003,16,0,0,2,0
40,25.3167,-0.003,16,0,0,2,0
41,25.3167,0.0091,16,0,0,2,0
42,25.3167,0.003,16,0,0,2,0
43,25.3167,-0.003,16,0,0,2,0
44,25.3167,-0.003,16,0,0,2,0
45,25.3167,0.0091,16,0,0,2,0
46,25.3167,-0.003,16,0,0,2,0
47,25.3167,0,16,0,0,2,0
48,25.3167,0,16,0,0,2,0
49,25.3166,-0.003,16,0,0,2,0
50,25.3167,0,16,0,0,2,0
51,25.3167,0.0091,16,0,0,2,0
52,25.3167,-0.003,16,0,0,2,0
53,25.3166,0,16,0,0,2,0
54,25.3167,-0.003,16,0,0,2,0
55,25.3167,-0.0061,16,0,0,2,0
56,25.3167,-0.003,16,0,0,2,0
57,25.3166,-0.0122,16,0,0,2,0
58,25.3167,0.0152,16,0,0,2,0
59,25.3166,-0.0061,16,0,0,2,0
60,25.3166,-0.0091,16,0,0,2,0
61,25.3166,0.003,16,0,0,2,0
62,25.3167,-0.0061,16,0,0,2,0
63,25.3166,0.0091,16,0,0,2,0
64,25.3167,-0.0122,16,0,0,2,0
65,25.3167,0.0061,16,0,0,2,0
66,25.3166,-0.0061,16,0,0,2,0
67,25.3166,-0.0091,16,0,0,2,0
68,25.3166,0,16,0,0,2,0
69,25.3166,0.0152,16,0,0,2,0
70,25.3166,0.003,16,0,0,2,0
71,25.3167,0.0061,16,0,0,2,0
72,25.3166,-0.0061,16,0,0,2,0
73,25.3166,0,16,0,0,2,0
74,25.3166,-0.003,16,0,0,2,0
75,25.3166,0.0122,16,0,0,2,0
76,25.3166,0.0152,16,0,0,2,0
77,25.3166,0,16,0,0,2,0
78,25.3166,0,16,0,0,2,0
79,25.3166,0.003,16,0,0,2,0
80,25.3166,0.0091,16,0,0,2,0
81,25.3166,-0.0152,16,0,0,2,0
82,25.3167,0,16,0,0,2,0
83,25.3166,-0.0061,16,0,0,2,0
84,25.3166,0.0091,16,0,0,2,0
85,25.3166,0.003,16,0,0,2,0
86,25.3166,0.003,16,0,0,2,0
87,25.3166,-0.003,16,0,0,2,0
88,25.3166,-0.0152,16,0,0,2,0
89,25.3166,0.0061,16,0,0,2,0
90,25.3166,0.0061,16,0,0,2,0
91,25.3166,-0.0061,16,0,0,2,0
92,25.3166,-0.0122,15,0,0,2,0
93,25.3166,0.0091,16,0,0,2,0
94,25.3166,0.003,16,0,0,2,0
95,25.3166,0,16,0,0,2,0
96,25.3166,-0.0061,16,0,0,2,0
97,25.3166,-0.0061,16,0,0,2,0
98,25.3166,-0.003,16,0,0,2,0
99,25.3166,0,16,0,0,2,0
100,25.3166,-0.0061,16,0,0,2,0
101,25.3166,-0.0091,16,0,0,2,0
102,25.3166,0.0061,16,0,0,2,0
103,25.3166,0,16,0,0,2,0
104,25.3166,0.0122,16,0,0,2,0
105,25.3166,0.0091,16,0,0,2,0
106,25.3166,0,16,0,0,2,0
107,25.3166,0.003,16,0,0,2,0
108,25.3166,0.0091,16,0,0,2,0
109,25.3166,-0.0061,16,0,0,2,0
110,25.3166,0,16,0,0,2,0
111,25.3166,0.003,16,0,0,2,0
112,25.3166,0,16,0,0,2,0
113,25.3166,0.003,16,0,0,2,0
114,25.3166,-0.0061,16,0,0,2,0
115,25.3166,0.003,16,0,0,2,0
116,25.3166,-0.0091,16,0,0,2,0
117,25.3166,-0.0122,16,0,0,2,0
118,25.3166,0.003,16,0,0,2,0
119,25.3166,0.0061,16,0,0,2,0
120,25.3166,-0.003,16,0,0,2,0
121,25.3166,-0.0061,16,0,0,2,0
122,25.3166,0,16,0,0,2,0
123,25.3166,0.0061,16,0,0,2,0
124,25.3166,0.003,16,0,0,2,0
125,25.3166,-0.0091,16,0,0,2,0
126,25.3166,-0.003,16,0,0,2,0
127,25.3166,-0.003,16,0,0,2,0
128,25.3166,-0.003,16,0,0,2,0
129,25.3166,-0.0061,16,0,0,2,0
130,25.3166,0.0122,16,0,0,2,0
131,25.3166,-0.003,16,0,0,2,0
132,25.3166,-0.003,16,0,0,2,0
133,25.3166,0.003,16,0,0,2,0
134,25.3166,-0.0122,16,0,0,2,0
135,25.3166,-0.0213,16,0,0,2,0
136,25.3166,0,16,0,0,2,0
137,25.3166,0.003,16,0,0,2,0
138,25.3166,0.0061,16,0,0,2,0
139,25.3166,0.003,16,0,0,2,0
140,25.3166,0.0183,16,0,0,2,0
141,25.3166,0.0061,16,0,0,2,0
142,25.3166,0.0122,16,0,0,2,0
143,25.3166,0.0061,16,0,0,2,0
144,25.3166,0.003,16,0,0,2,0
145,25.3166,0,16,0,0,2,0
146,25.3166,0.0061,16,0,0,2,0
147,25.3166,-0.0122,16,0,0,2,0
148,25.3166,-0.0091,16,0,0,2,0
149,25.3166,-0.0183,16,0,0,2,0
150,25.3166,0.0061,16,0,0,2,0
151,25.3166,-0.003,16,0,0,2,0
152,25.3166,-0.003,16,0,0,2,0
153,25.3166,0.003,16,0,0,2,0
154,25.3166,-0.0122,16,0,0,2,0
155,25.3166,0,16,0,0,2,0
156,25.3166,-0.0152,16,0,0,2,0
157,25.3166,-0.0061,16,0,0,2,0
158,25.3166,0.003,16,0,0,2,0
159,25.3166,0.0061,16,0,0,2,0
160,25.3166,0.0061,16,0,0,2,0
161,25.3166,0.003,16,0,0,2,0
162,25.3166,0.003,16,0,0,2,0
163,25.3166,-0.0061,16,0,0,2,0
164,25.3166,0,16,0,0,2,0
165,25.3166,-0.003,16,0,0,2,0
166,25.3166,0.0061,16,0,0,2,0
167,25.3166,-0.003,16,0,0,2,0
168,25.3166,-0.0091,16,0,0,2,0
169,25.3166,-0.003,16,0,0,2,0
170,25.3166,0.0091,16,0,0,2,0
171,25.3166,0.003,16,0,0,2,0
172,25.3166,-0.0061,16,0,0,2,0
173,25.3166,-0.0061,16,0,0,2,0
174,25.3166,0.0091,16,0,0,2,0
175,25.3166,-0.0091,16,0,0,2,0
176,25.3166,0.003,16,0,0,2,0
177,25.3166,0.003,16,0,0,2,0
178,25.3166,0.003,16,0,0,2,0
179,25.3166,-0.0061,16,0,0,2,0
180,25.3166,0.003,16,0,0,2,0
181,25.3166,-0.003,16,0,0,2,0
182,25.3166,0,16,0,0,2,0
183,25.3166,0,16,0,0,2,0
184,25.3166,0.003,16,0,0,2,0
185,25.3166,-0.0061,16,0,0,2,0
186,25.3166,0,16,0,0,2,0
187,25.3166,0.003,16,0,0,2,0
188,25.3166,0.0061,16,0,0,2,0
189,25.3166,-0.0091,16,0,0,2,0
190,25.3166,0.0061,16,0,0,2,0
191,25.3166,0.0091,16,0,0,2,0
192,25.3166,0,16,0,0,2,0
193,25.3166,0.0061,16,0,0,2,0
194,25.3166,0,16,0,0,2,0
195,25.3166,0,16,0,0,2,0
196,25.3166,0.0061,16,0,0,2,0
197,25.3166,0.0091,16,0,0,2,0
198,25.3166,0.003,16,0,0,2,0
199,25.3166,0.0061,16,0,0,2,0
200,25.3165,-0.003,16,0,0,2,0
201,25.3165,0.0152,16,0,0,2,0
202,25.3165,0.0122,16,0,0,2,0
203,25.3165,0.003,16,0,0,2,0
204,25.3165,0,16,0,0,2,0
205,25.3165,0.003,16,0,0,2,0
206,25.3165,-0.003,15,0,0,2,0
207,25.3166,0.0061,16,0,0,2,0
208,25.3165,-0.0061,16,0,0,2,0
209,25.3165,-0.003,16,0,0,2,0
210,25.3165,-0.0091,16,0,0,2,0
211,25.3165,0.0061,16,0,0,2,0
212,25.3165,-0.003,16,0,0,2,0
213,25.3165,-0.0152,16,0,0,2,0
214,25.3165,-0.0122,16,0,0,2,0
215,25.3165,-0.003,16,0,0,2,0
216,25.3165,0,16,0,0,2,0
217,25.3165,-0.0122,16,0,0,2,0
218,25.3165,0.003,16,0,0,2,0
219,25.3165,0.0061,16,0,0,2,0
220,25.3165,0,16,0,0,2,0
221,25.3165,-0.0091,16,0,0,2,0
222,25.3165,0.003,16,0,0,2,0
223,25.3165,0.0061,16,0,0,2,0
224,25.3165,0.0122,16,0,0,2,0
225,25.3165,0.003,16,0,0,2,0
226,25.3165,0.0213,16,0,0,2,0
227,25.3165,0.0091,16,0,0,2,0
228,25.3165,-0.0122,16,0,0,2,0
229,25.3165,-0.0152,16,0,0,2,0
230,25.3165,0,16,0,0,2,0
231,25.3165,0.0152,16,0,0,2,0
232,25.3165,0,16,0,0,2,0
233,25.3165,-0.003,16,0,0,2,0
234,25.3165,0,16,0,0,2,0
235,25.3165,-0.003,16,0,0,2,0
236,25.3165,0,16,0,0,2,0
237,25.3165,0.003,16,0,0,2,0
238,25.3165,-0.0091,16,0,0,2,0
239,25.3165,-0.003,16,0,0,2,0
240,25.3165,0,16,0,0,2,0
241,25.3165,0.003,16,0,0,2,0
242,25.3165,0.0091,16,0,0,2,0
243,25.3165,0.0061,16,0,0,2,0
244,25.3165,0.0122,16,0,0,2,0
245,25.3165,0.003,16,0,0,2,0
246,25.3165,-0.003,16,0,0,2,0
247,25.3165,-0.003,16,0,0,2,0
248,25.3165,-0.0061,16,0,0,2,0
249,25.3165,0.0061,16,0,0,2,0
250,25.3165,-0.003,16,0,0,2,0
251,25.3165,-0.0061,16,0,0,2,0
252,25.3165,-0.003,16,0,0,2,0
253,25.3165,0.003,16,0,0,2,0
254,25.3164,-0.0122,16,0,0,2,0
255,25.3165,-0.003,16,0,0,2,0
256,25.3164,-0.003,16,0,0,2,0
257,25.3164,0.003,16,0,0,2,0
258,25.3164,0,16,0,0,2,0
259,25.3164,0.003,16,0,0,2,0
260,25.3164,0,16,0,0,2,0
261,25.3164,0.003,16,0,0,2,0
262,25.3164,0.0122,16,0,0,2,0
263,25.3164,-0.0061,16,0,0,2,0
264,25.3164,0.0061,16,0,0,2,0
265,25.3164,0,16,0,0,2,0
266,25.3165,-0.003,16,0,0,2,0
267,25.3218,0.3378,16,0,0,2,0
268,25.3178,0.3043,16,0,0,2,0
269,25.317,-0.1887,16,0,0,2,0
270,25.3175,-0.0122,16,0,0,2,0
271,25.3179,-0.0456,16,0,0,2,0
272,25.3185,-0.0243,16,0,0,2,0
273,25.3187,-0.0091,16,0,0,2,0
274,25.3189,-0.0091,16,0,0,2,0
275,25.319,-0.0122,16,0,0,2,0
276,25.3194,0.0061,16,0,0,2,0
277,25.3192,0,16,0,0,2,0
278,25.3191,0,16,0,0,2,0
279,25.3191,-0.003,16,0,0,2,0
280,25.319,-0.0152,16,0,0,2,0
281,25.319,0,16,0,0,2,0
282,25.3188,0,16,0,0,2,0
283,25.3187,0.0061,16,0,0,2,0
284,25.3185,0,16,0,0,2,0
285,25.3185,0,16,0,0,2,0
286,25.3185,0.0122,16,0,0,2,0
287,25.3185,-0.0061,15,0,0,2,0
288,25.3185,-0.0061,16,0,0,2,0
289,25.3184,0,16,0,0,2,0
290,25.3184,0,16,0,0,2,0
291,25.3186,-0.0152,16,0,0,2,0
292,25.319,-0.0122,16,0,0,2,0
293,25.3193,-0.0091,16,0,0,2,0
294,25.3196,-0.0335,16,0,0,2,0
295,25.3204,-0.0487,16,0,0,2,0
296,25.3219,-0.1248,16,0,0,2,0
297,25.3275,-0.5599,16,0,0,2,0
298,25.3641,-3.8371,19,0,0,3,0
299,25.5052,-10.0932,27,0,0,4,0
300,25.8431,-20.2381,41,0,0,7,0
301,26.598,-30.9247,64,0,0,11,0
302,27.3749,-36.5753,83,0,0,14,0
303,28.2848,-38.4041,100,0,0,17,0
304,29.1357,-38.8635,116,0,0,20,0
305,30.0818,-39.9042,134,0,0,23,0
306,30.523,-40.0138,144,0,0,25,0
307,31.4592,-37.9203,162,0,0,28,0
308,32.2972,-34.4605,179,0,0,31,0
309,33.1089,-29.9236,194,0,0,34,0
310,33.759,-23.6127,206,0,0,36,0
311,34.3664,-13.8238,217,0,0,38,0
312,34.5098,-11.1521,221,0,0,38,0
313,34.6386,0.8581,222,0,0,39,0
314,34.6362,-0.073,231,0,0,40,0
315,34.6373,0.0183,242,0,0,42,0
316,34.6367,0.0852,246,0,0,43,0
317,34.6315,0.5416,256,0,0,45,0
318,34.6107,1.5823,265,0,0,46,0
319,34.5558,4.2326,273,0,0,48,0
320,34.4019,11.0669,275,0,0,48,0
321,33.6751,36.2558,255,0,0,44,0
322,32.5195,50.5269,233,0,0,41,0
323,31.1596,59.123,213,0,0,37,0
324,29.6747,63.1913,193,0,0,33,0
325,28.2395,61.3412,179,0,0,31,0
326,26.7375,57.8997,162,0,0,28,0
327,26.1639,56.64,156,0,0,27,0
328,24.6984,50.6668,142,0,0,24,0
329,23.5241,42.4481,131,0,0,23,0
330,22.5723,35.918,122,0,0,21,0
331,21.6745,27.1789,113,0,0,19,0
332,21.4128,24.7081,111,0,0,19,0
333,20.8586,20.8832,103,0,0,18,0
334,20.3889,18.1903,94,0,0,16,0
335,19.9951,13.8268,86,0,0,15,0
336,19.6934,10.1145,80,0,0,14,0
337,19.4785,7.1142,74,0,0,13,0
338,19.3439,4.0196,68,0,0,11,0
339,19.3075,2.9638,66,0,0,11,0
340,19.2526,1.4362,60,0,0,10,0
341,19.2257,0.4199,52,0,0,9,0
342,19.2215,0.0091,46,0,0,8,0
343,19.2217,-0.0061,40,0,0,7,0
344,19.2225,-0.0183,33,0,0,5,0
345,19.2229,-0.0365,27,0,0,4,0
346,19.2234,-0.0183,23,0,0,4,0
347,19.2237,-0.0365,21,0,0,3,0
348,19.2245,-0.0669,15,0,0,2,0
349,19.2257,-0.0913,10,0,0,1,0
350,19.228,-0.1187,5,0,0,0,0
351,19.2303,-0.1217,0,0,0,0,0
352,19.232,-0.1978,-4,0,0,0,0
353,19.2384,-0.7333,-8,0,0,-1,0
354,19.2563,-1.7466,-12,0,0,-2,0
355,19.2978,-3.4871,-14,0,0,-2,0
356,19.3884,-5.8058,-16,0,0,-2,0
357,19.5198,-7.2907,-18,0,0,-3,0
358,19.6561,-9.0282,-20,0,0,-3,0
359,19.8478,-11.8246,-20,0,0,-3,0
360,20.1265,-13.7416,-19,0,0,-3,0
361,20.6043,-16.0025,-17,0,0,-2,0
362,20.9863,-16.9701,-16,0,0,-2,0
363,21.4301,-17.1831,-14,0,0,-2,0
364,21.6394,-17.67,-13,0,0,-2,0
365,22.0572,-17.1192,-11,0,0,-1,0
366,22.4813,-16.8605,-9,0,0,-1,0
367,22.8865,-15.4395,-8,0,0,-1,0
368,23.2412,-14.0733,-7,0,0,-1,0
369,23.5226,-12.4758,-6,0,0,-1,0
370,23.8297,-11.6512,-5,0,0,0,0
371,24.1628,-10.6044,-3,0,0,0,0
372,24.4031,-8.4835,-2,0,0,0,0
373,24.6015,-7.7624,-1,0,0,0,0
374,24.8018,-8.1032,0,0,0,0,0
375,25.1165,-9.9106,6,0,0,1,0
376,25.4011,-9.6611,10,0,0,1,0
377,25.5846,-8.2705,12,0,0,2,0
378,25.6709,-7.4398,12,0,0,2,0
379,25.8545,-6.4722,14,0,0,2,0
380,26.0032,-4.9082,16,0,0,2,0
381,26.1422,-5.2763,18,0,0,3,0
382,26.2734,-5.4407,22,0,0,3,0
383,26.4,-4.1779,24,0,0,4,0
384,26.4899,-2.6351,25,0,0,4,0
385,26.5176,-2.2913,25,0,0,4,0
386,26.5741,-2.2335,27,0,0,4,0
387,26.6272,-2.0448,29,0,0,5,0
388,26.6766,-1.8714,31,0,0,5,0
389,26.7159,-1.2932,33,0,0,5,0
390,26.7299,-0.9159,33,0,0,5,0
391,26.7449,-0.1552,35,0,0,6,0
392,26.7475,-0.0822,36,0,0,6,0
393,26.7494,-0.073,38,0,0,6,0
394,26.7517,-0.1187,40,0,0,7,0
395,26.7557,-0.2221,41,0,0,7,0
396,26.7586,-0.283,43,0,0,7,0
397,26.7684,-0.6816,44,0,0,7,0
398,26.7914,-1.418,47,0,0,8,0
399,26.8364,-2.6382,50,0,0,8,0
400,26.9155,-3.5297,55,0,0,9,0
401,27.049,-5.5167,61,0,0,10,0
402,27.2073,-7.6406,67,0,0,11,0
403,27.3856,-7.5585,72,0,0,12,0
404,27.5841,-8.657,78,0,0,13,0
405,27.6793,-8.6661,81,0,0,14,0
406,27.8778,-7.5859,85,0,0,14,0
407,28.0691,-8.5261,91,0,0,16,0
408,28.262,-7.4489,96,0,0,16,0
409,28.4417,-7.8567,102,0,0,17,0
410,28.5386,-8.1701,106,0,0,18,0
411,28.7633,-7.1842,113,0,0,19,0
412,28.9818,-8.8274,122,0,0,21,0
413,29.208,-9.0404,129,0,0,22,0
414,29.4521,-10.8022,140,0,0,24,0
415,29.6919,-9.4877,147,0,0,25,0
416,29.9221,-8.0149,154,0,0,27,0
417,30.0955,-7.4276,160,0,0,28,0
418,30.298,-6.9408,169,0,0,29,0
419,30.4301,-2.7355,173,0,0,30,0
420,30.4719,-0.4351,177,0,0,31,0
421,30.4746,0.003,184,0,0,32,0
422,30.4746,0.0122,190,0,0,33,0
423,30.4745,-0.003,196,0,0,34,0
424,30.4745,0,202,0,0,35,0
425,30.4744,0.003,208,0,0,36,0
426,30.4742,0.0122,214,0,0,37,0
427,30.4739,0.0091,220,0,0,38,0
428,30.4726,0.0761,227,0,0,39,0
429,30.4712,0.0335,232,0,0,40,0
430,30.4703,0.0669,237,0,0,41,0
431,30.4683,0.0396,242,0,0,42,0
432,30.4682,0,246,0,0,43,0
433,30.4682,0,251,0,0,44,0
434,30.4681,0.003,257,0,0,45,0
435,30.468,0.003,262,0,0,46,0
436,30.4676,0.0578,268,0,0,47,0
437,30.4661,0.0456,274,0,0,48,0
438,30.4641,0.1947,280,0,0,49,0
439,30.4613,0.3591,282,0,0,49,0
440,30.4415,1.8744,287,0,0,50,0
441,30.3483,4.1687,290,0,0,51,0
442,30.3043,3.5541,292,0,0,51,0
443,30.2433,1.1289,299,0,0,52,0
444,30.224,0.5112,306,0,0,53,0
445,30.2097,0.9068,312,0,0,54,0
446,30.1738,2.197,316,0,0,55,0
447,30.095,5.1972,318,0,0,55,0
448,29.884,13.6381,313,0,0,55,0
449,29.7359,12.9718,312,0,0,54,0
450,29.4416,12.1137,313,0,0,55,0
451,29.183,9.4116,318,0,0,55,0
452,28.9294,13.4525,314,0,0,55,0
453,28.6018,16.1881,310,0,0,54,0
454,28.2085,18.4002,308,0,0,54,0
455,27.7726,16.4924,304,0,0,53,0
456,27.4161,13.063,307,0,0,54,0
457,27.115,9.0799,306,0,0,53,0
458,26.9207,4.6434,310,0,0,54,0
459,26.8859,0.3834,314,0,0,55,0
460,26.8865,-0.003,319,0,0,56,0
461,26.8868,-0.0396,321,0,0,56,0
462,26.8888,-0.1095,323,0,0,56,0
463,26.892,-0.1917,325,0,0,57,0
464,26.8944,-0.3043,326,0,0,57,0
465,26.9076,-1.1228,328,0,0,57,0
466,26.9521,-2.4952,332,0,0,58,0
467,27.0103,-2.2487,335,0,0,58,0
468,27.0663,-2.9485,338,0,0,59,0
469,27.1043,-5.0238,341,0,0,60,0
470,27.2841,-8.9704,350,0,0,61,0
471,27.4139,-0.1035,346,0,0,60,0
472,27.4139,-0.073,348,0,0,61,0
473,27.4139,0,350,0,0,61,0
474,27.4137,0.0487,352,0,0,61,0
475,27.4122,0.0396,354,0,0,62,0
476,27.4121,0.0091,356,0,0,62,0
477,27.4121,0.0122,357,0,0,62,0
478,27.4115,0.0974,360,0,0,63,0
479,27.4103,0.0882,362,0,0,63,0
480,27.4075,0.2373,364,0,0,64,0
481,27.3987,0.4595,366,0,0,64,0
482,27.393,0.642,367,0,0,64,0
483,27.3773,0.7181,369,0,0,64,0
484,27.3468,1.4423,370,0,0,65,0
485,27.3079,1.4606,372,0,0,65,0
486,27.2739,1.4636,374,0,0,65,0
487,27.2578,1.4484,375,0,0,66,0
488,27.2249,1.2202,377,0,0,66,0
489,27.2001,0.7364,379,0,0,66,0
490,27.1777,1.564,380,0,0,66,0
491,27.0872,4.8382,379,0,0,66,0
492,26.8907,7.9389,375,0,0,66,0
493,26.7918,-0.0213,382,0,0,67,0
494,26.7917,-0.0335,384,0,0,67,0
495,26.7917,0.003,385,0,0,67,0
496,26.7915,0.0335,387,0,0,68,0
497,26.7911,0.003,388,0,0,68,0
498,26.7911,0.003,390,0,0,68,0
499,26.7911,0.003,390,0,0,68,0
500,26.7911,0,392,0,0,68,0
501,26.7899,0.1978,394,0,0,69,0
502,26.777,0.9768,395,0,0,69,0
503,26.7659,0.9798,395,0,0,69,0
504,26.7397,1.0041,397,0,0,69,0
505,26.7058,2.6595,397,0,0,69,0
506,26.5618,12.205,389,0,0,68,0
507,26.2502,9.3873,385,0,0,67,0
508,26.0112,8.7057,383,0,0,67,0
509,25.9212,5.0238,386,0,0,67,0
510,25.8236,4.8108,387,0,0,68,0
511,25.6288,10.9635,380,0,0,66,0
512,25.4359,4.9751,380,0,0,66,0
513,25.3064,6.1709,380,0,0,66,0
514,25.1685,1.777,380,0,0,66,0
515,25.161,-0.073,383,0,0,67,0
516,25.1613,-0.0152,382,0,0,67,0
517,25.1614,0.0091,382,0,0,67,0
518,25.1614,0.003,382,0,0,67,0
519,25.1613,0.0122,382,0,0,67,0
520,25.1612,0.003,382,0,0,67,0
521,25.1613,0.0061,382,0,0,67,0
522,25.1613,-0.003,382,0,0,67,0
523,25.1613,-0.0183,382,0,0,67,0
524,25.1614,0.0122,382,0,0,67,0
525,25.161,0.0152,381,0,0,67,0
526,25.161,-0.0213,381,0,0,67,0
527,25.1612,-0.0061,381,0,0,67,0
528,25.1614,0.0091,380,0,0,66,0
529,25.161,0.0274,380,0,0,66,0
530,25.1606,0.0122,380,0,0,66,0
531,25.161,-0.003,380,0,0,66,0
532,25.161,0.0061,380,0,0,66,0
533,25.161,-0.0091,380,0,0,66,0
534,25.1609,0.0122,379,0,0,66,0
535,25.1605,0.0061,379,0,0,66,0
536,25.1608,-0.0365,379,0,0,66,0
537,25.1612,0.0061,379,0,0,66,0
538,25.1611,0.0152,379,0,0,66,0
539,25.1608,0.0091,379,0,0,66,0
540,25.1607,-0.003,379,0,0,66,0
541,25.161,-0.0091,378,0,0,66,0
542,25.1614,-0.0122,378,0,0,66,0
543,25.1616,-0.0091,378,0,0,66,0
544,25.1616,-0.003,378,0,0,66,0
545,25.1616,0,378,0,0,66,0
546,25.1623,-0.0487,378,0,0,66,0
547,25.1644,-0.1887,378,0,0,66,0
548,25.1716,-0.3134,378,0,0,66,0
549,25.1817,-0.5295,378,0,0,66,0
550,25.1881,-0.712,378,0,0,66,0
551,25.2225,-2.7842,380,0,0,66,0
552,25.3175,-4.9994,383,0,0,67,0
553,25.5568,-15.263,395,0,0,69,0
554,25.8816,-14.7579,400,0,0,70,0
555,26.296,-17.5269,410,0,0,72,0
556,26.7391,-19.4896,418,0,0,73,0
557,27.2261,-19.1823,429,0,0,75,0
558,27.6119,-13.1939,431,0,0,75,0
559,27.8857,-3.9466,431,0,0,75,0
560,27.924,-0.0791,429,0,0,75,0
561,27.9328,-0.6147,433,0,0,76,0
562,27.9539,-1.3602,437,0,0,76,0
563,28.0314,-6.387,445,0,0,78,0
564,28.2202,-3.8918,451,0,0,79,0
565,28.2437,0.0456,449,0,0,79,0
566,28.2444,-0.14,451,0,0,79,0
567,28.2528,-0.3317,455,0,0,80,0
568,28.2549,0.003,456,0,0,80,0
569,28.2555,-0.0517,460,0,0,80,0
570,28.2643,-1.1046,464,0,0,81,0
571,28.3597,-8.0088,475,0,0,83,0
572,28.7368,-15.0744,494,0,0,86,0
573,28.9081,-18.0229,499,0,0,87,0
574,29.3495,-18.3303,509,0,0,89,0
575,29.6985,-8.6631,513,0,0,90,0
576,29.8689,-1.351,514,0,0,90,0
577,29.8775,0.0761,516,0,0,90,0
578,29.8771,0.0091,521,0,0,91,0
579,29.8762,0.0791,526,0,0,92,0
580,29.8741,0.0822,532,0,0,93,0
581,29.8711,0.1674,539,0,0,94,0
582,29.8573,1.0133,544,0,0,95,0
583,29.8228,1.6401,548,0,0,96,0
584,29.7864,0.639,554,0,0,97,0
585,29.7677,1.6219,559,0,0,98,0
586,29.6787,7.3424,558,0,0,98,0
587,29.3563,14.3137,550,0,0,96,0
588,29.2199,14.764,551,0,0,96,0
589,28.7669,17.5787,545,0,0,95,0
590,28.3365,17.7126,545,0,0,95,0
591,27.6808,18.5646,535,0,0,94,0
592,27.279,13.8785,537,0,0,94,0
593,27.0275,9.1195,542,0,0,95,0
594,26.8315,1.8501,546,0,0,96,0
595,26.8213,0.0487,552,0,0,97,0
596,26.8212,-0.0183,553,0,0,97,0
597,26.8213,0.0091,554,0,0,97,0
598,26.8201,0.1704,556,0,0,97,0
599,26.796,2.8603,556,0,0,97,0
600,26.7607,5.322,553,0,0,97,0
601,26.3174,24.3856,531,0,0,93,0
602,25.6415,33.9524,516,0,0,90,0
603,24.7768,35.0843,500,0,0,88,0
604,24.4356,33.8519,494,0,0,86,0
605,23.6522,35.9972,481,0,0,84,0
606,22.6161,45.9869,455,0,0,80,0
607,22.1509,47.7852,446,0,0,78,0
608,20.933,50.3017,420,0,0,73,0
609,19.5728,53.2442,393,0,0,69,0
610,19.0432,51.8262,382,0,0,67,0
611,17.4064,58.5053,344,0,0,60,0
612,16.6251,61.4082,326,0,0,57,0
613,15.8046,65.9451,306,0,0,53,0
614,14.851,70.552,281,0,0,49,0
615,14.2812,72.2469,266,0,0,46,0
616,13.3416,72.7246,247,0,0,43,0
617,12.3957,72.6455,226,0,0,39,0
618,11.5357,69.7639,207,0,0,36,0
619,10.6446,66.6754,188,0,0,33,0
620,10.1169,64.7919,178,0,0,31,0
621,9.1226,58.4596,159,0,0,27,0
622,8.3511,51.2419,143,0,0,25,0
623,7.9015,47.6331,133,0,0,23,0
624,7.2194,42.1529,118,0,0,20,0
625,6.7083,35.2882,105,0,0,18,0
626,6.2527,28.4904,94,0,0,16,0
627,5.9666,22.7363,85,0,0,14,0
628,5.7041,16.2641,75,0,0,13,0
629,5.5113,9.5607,66,0,0,11,0
630,5.4165,4.0501,59,0,0,10,0
631,5.4006,-0.6268,52,0,0,9,0
632,5.4025,-0.1795,40,0,0,7,0
633,5.4057,-0.4321,28,0,0,4,0
634,5.4085,-0.566,23,0,0,4,0
635,5.4172,-1.1076,13,0,0,2,0
636,5.4364,-2.413,3,0,0,0,0
637,5.4819,-4.2265,-8,0,0,-1,0
638,5.5587,-7.2572,-17,0,0,-2,0
639,5.6514,-10.4401,-24,0,0,-4,0
640,5.7546,-13.4586,-28,0,0,-4,0
641,6.1058,-21.2545,-35,0,0,-6,0
642,6.5683,-28.463,-39,0,0,-6,0
643,7.2051,-36.2528,-39,0,0,-6,0
644,7.8608,-41.5778,-39,0,0,-6,0
645,8.6392,-45.2323,-38,0,0,-6,0
646,9.0507,-46.419,-37,0,0,-6,0
647,9.9867,-47.2497,-38,0,0,-6,0
648,11.034,-48.3938,-37,0,0,-6,0
649,12.2113,-49.5653,-35,0,0,-6,0
650,12.7562,-49.2763,-34,0,0,-5,0
651,14.3389,-46.0934,-33,0,0,-5,0
652,15.5198,-44.429,-31,0,0,-5,0
653,16.5508,-40.8384,-29,0,0,-5,0
654,17.5201,-36.4749,-30,0,0,-5,0
655,18.3968,-33.2555,-30,0,0,-5,0
656,19.2134,-31.5576,-27,0,0,-4,0
657,19.9995,-28.2044,-26,0,0,-4,0
658,20.6336,-23.8622,-28,0,0,-4,0
659,21.2271,-19.5383,-29,0,0,-5,0
660,21.6989,-17.9864,-29,0,0,-5,0
661,21.8941,-17.3809,-29,0,0,-5,0
662,22.2994,-16.4984,-28,0,0,-4,0
663,22.7373,-15.7408,-26,0,0,-4,0
664,22.8914,-14.9253,-25,0,0,-4,0
665,23.2413,-13.1787,-25,0,0,-4,0
666,23.5512,-10.4614,-25,0,0,-4,0
667,23.7898,-8.9278,-26,0,0,-4,0
668,24.0038,-7.1507,-26,0,0,-4,0
669,24.169,-5.6232,-27,0,0,-4,0
670,24.2836,-3.268,-29,0,0,-5,0
671,24.3545,-2.2456,-30,0,0,-5,0
672,24.3761,-2.1239,-31,0,0,-5,0
673,24.4303,-2.2882,-31,0,0,-5,0
674,24.4857,-2.0174,-31,0,0,-5,0
675,24.4993,-1.9048,-31,0,0,-5,0
676,24.522,-1.9109,-31,0,0,-5,0
677,24.548,-1.8805,-32,0,0,-5,0
678,24.5812,-1.6006,-32,0,0,-5,0
679,24.5963,-1.4575,-33,0,0,-5,0
680,24.6259,-1.1685,-33,0,0,-5,0
681,24.6447,-1.1958,-33,0,0,-5,0
682,24.6633,-1.3176,-34,0,0,-5,0
683,24.7018,-1.8531,-34,0,0,-5,0
684,24.7545,-2.27,-33,0,0,-5,0
685,24.8193,-2.8664,-32,0,0,-5,0
686,24.9048,-3.3289,-31,0,0,-5,0
687,24.9436,-3.2467,-31,0,0,-5,0
688,25.0166,-2.6503,-30,0,0,-5,0
689,25.0411,-2.1057,-31,0,0,-5,0
690,25.0831,-1.1624,-31,0,0,-5,0
691,25.1078,-0.925,-32,0,0,-5,0
692,25.1327,-0.922,-32,0,0,-5,0
693,25.1554,-0.7851,-32,0,0,-5,0
694,25.1739,-0.639,-32,0,0,-5,0
695,25.1889,-0.5051,-32,0,0,-5,0
696,25.2024,-0.4869,-32,0,0,-5,0
697,25.2077,-0.4625,-32,0,0,-5,0
698,25.2191,-0.4869,-32,0,0,-5,0
699,25.2319,-0.5842,-32,0,0,-5,0
700,25.2443,-0.6299,-32,0,0,-5,0
701,25.2577,-0.6207,-31,0,0,-5,0
702,25.2729,-0.7729,-31,0,0,-5,0
703,25.2877,-0.636,-31,0,0,-5,0
704,25.2942,-0.4929,-31,0,0,-5,0
705,25.3019,-0.2221,-31,0,0,-5,0
706,25.3055,-0.1126,-31,0,0,-5,0
707,25.3076,-0.07,-31,0,0,-5,0
708,25.3091,-0.0365,-31,0,0,-5,0
709,25.3103,-0.0335,-31,0,0,-5,0
710,25.3112,-0.0365,-31,0,0,-5,0
711,25.3119,-0.0274,-31,0,0,-5,0
712,25.3122,-0.0183,-31,0,0,-5,0
713,25.3128,-0.0304,-31,0,0,-5,0
714,25.3135,-0.0274,-31,0,0,-5,0
715,25.3141,-0.0122,-31,0,0,-5,0
716,25.3147,-0.0213,-31,0,0,-5,0
717,25.3153,-0.0152,-31,0,0,-5,0
718,25.3157,-0.0183,-31,0,0,-5,0
719,25.3159,-0.0152,-31,0,0,-5,0
720,25.3163,-0.0213,-31,0,0,-5,0
721,25.3168,-0.0183,-31,0,0,-5,0
722,25.317,-0.0122,-31,0,0,-5,0
723,25.3174,-0.0152,-31,0,0,-5,0
724,25.3178,-0.0091,-31,0,0,-5,0
725,25.3181,-0.003,-31,0,0,-5,0
726,25.3184,-0.0213,-31,0,0,-5,0
727,25.3188,-0.0061,-31,0,0,-5,0
728,25.319,-0.0152,-31,0,0,-5,0
729,25.3193,-0.0122,-31,0,0,-5,0
730,25.3194,-0.0122,-31,0,0,-5,0
731,25.3196,-0.003,-31,0,0,-5,0
732,25.3199,-0.0061,-31,0,0,-5,0
733,25.3199,0,-31,0,0,-5,0
734,25.3202,-0.0091,-31,0,0,-5,0
735,25.3205,-0.0061,-31,0,0,-5,0
736,25.3207,-0.0122,-31,0,0,-5,0
737,25.3209,-0.003,-31,0,0,-5,0
738,25.3211,-0.0061,-31,0,0,-5,0
739,25.3212,0,-31,0,0,-5,0
740,25.3215,-0.0122,-31,0,0,-5,0
741,25.3216,-0.0122,-31,0,0,-5,0
742,25.3219,-0.0091,-31,0,0,-5,0
743,25.3221,-0.003,-31,0,0,-5,0
744,25.3222,-0.0122,-31,0,0,-5,0
745,25.3225,-0.0122,-31,0,0,-5,0
746,25.3227,-0.003,-31,0,0,-5,0
747,25.3227,-0.0091,-31,0,0,-5,0
748,25.3229,-0.0152,-31,0,0,-5,0
749,25.3231,-0.0091,-31,0,0,-5,0
750,25.3233,-0.0061,-31,0,0,-5,0
751,25.3235,-0.003,-31,0,0,-5,0
752,25.3236,-0.003,-31,0,0,-5,0
753,25.3238,-0.003,-31,0,0,-5,0
754,25.3239,-0.0122,-31,0,0,-5,0
755,25.324,0,-31,0,0,-5,0
756,25.3241,-0.003,-31,0,0,-5,0
757,25.3242,-0.003,-31,0,0,-5,0
758,25.3243,0.003,-31,0,0,-5,0
759,25.3244,-0.0122,-31,0,0,-5,0
760,25.3246,-0.0122,-31,0,0,-5,0
761,25.3247,-0.0122,-31,0,0,-5,0
762,25.3247,-0.0091,-31,0,0,-5,0
763,25.3248,-0.0061,-31,0,0,-5,0
764,25.325,-0.0061,-31,0,0,-5,0
765,25.3251,-0.0091,-31,0,0,-5,0
766,25.3252,-0.0152,-31,0,0,-5,0
767,25.3253,0,-31,0,0,-5,0
768,25.3254,0.003,-31,0,0,-5,0
769,25.3256,-0.0061,-31,0,0,-5,0
770,25.3257,0.003,-31,0,0,-5,0
771,25.3257,-0.003,-31,0,0,-5,0
772,25.3259,0.003,-31,0,0,-5,0
773,25.326,0,-31,0,0,-5,0
774,25.326,0,-31,0,0,-5,0
775,25.3261,-0.003,-31,0,0,-5,0
776,25.3262,-0.003,-31,0,0,-5,0
777,25.3263,-0.003,-31,0,0,-5,0
778,25.3264,-0.0091,-31,0,0,-5,0
779,25.3265,0,-31,0,0,-5,0
780,25.3266,-0.003,-31,0,0,-5,0
781,25.3266,0,-31,0,0,-5,0
782,25.3267,-0.003,-31,0,0,-5,0
783,25.3268,0.003,-31,0,0,-5,0
784,25.3269,0,-31,0,0,-5,0
785,25.3269,-0.0091,-31,0,0,-5,0
786,25.3271,-0.003,-31,0,0,-5,0
787,25.3272,0,-31,0,0,-5,0
788,25.3273,-0.003,-31,0,0,-5,0
789,25.3273,-0.0061,-31,0,0,-5,0
790,25.3274,0.0061,-31,0,0,-5,0
791,25.3275,0,-31,0,0,-5,0
792,25.3275,0.003,-31,0,0,-5,0
793,25.3276,-0.0091,-31,0,0,-5,0
794,25.3276,-0.003,-31,0,0,-5,0
795,25.3277,-0.0061,-31,0,0,-5,0
796,25.3278,-0.0061,-31,0,0,-5,0
797,25.3279,-0.003,-31,0,0,-5,0
798,25.3279,-0.0061,-31,0,0,-5,0
799,25.328,-0.003,-31,0,0,-5,0
800,25.328,-0.003,-31,0,0,-5,0
801,25.3281,-0.003,-31,0,0,-5,0
802,25.3282,-0.0091,-31,0,0,-5,0
803,25.3282,0,-31,0,0,-5,0
804,25.3283,-0.003,-31,0,0,-5,0
805,25.3284,-0.0061,-30,0,0,-5,0
806,25.3284,-0.0061,-30,0,0,-5,0
807,25.3285,-0.0183,-31,0,0,-5,0
808,25.3285,-0.003,-31,0,0,-5,0
809,25.3286,-0.003,-31,0,0,-5,0
810,25.3286,0,-30,0,0,-5,0
811,25.3286,0.003,-30,0,0,-5,0
812,25.3286,-0.0122,-31,0,0,-5,0
813,25.3287,-0.003,-31,0,0,-5,0
814,25.3287,-0.0061,-30,0,0,-5,0
815,25.3288,-0.003,-31,0,0,-5,0
816,25.3288,0.003,-30,0,0,-5,0
817,25.3289,-0.003,-31,0,0,-5,0
818,25.3289,0,-30,0,0,-5,0
819,25.329,-0.003,-30,0,0,-5,0
820,25.329,-0.0061,-30,0,0,-5,0
821,25.329,-0.0061,-30,0,0,-5,0
822,25.329,-0.0061,-30,0,0,-5,0
823,25.3291,-0.0061,-30,0,0,-5,0
824,25.3291,-0.0061,-30,0,0,-5,0
825,25.3292,0.003,-30,0,0,-5,0
826,25.3292,-0.003,-30,0,0,-5,0
827,25.3293,0.003,-30,0,0,-5,0
828,25.3293,0.0061,-30,0,0,-5,0
829,25.3293,-0.003,-30,0,0,-5,0
830,25.3294,0.003,-30,0,0,-5,0
831,25.3294,0,-30,0,0,-5,0
832,25.3294,0,-30,0,0,-5,0
833,25.3295,-0.003,-30,0,0,-5,0
834,25.3295,-0.003,-30,0,0,-5,0
835,25.3295,-0.003,-30,0,0,-5,0
836,25.3295,-0.0122,-30,0,0,-5,0
837,25.3296,-0.003,-30,0,0,-5,0
838,25.3296,0.003,-30,0,0,-5,0
839,25.3296,0,-30,0,0,-5,0
840,25.3296,0.003,-30,0,0,-5,0
841,25.3297,0,-30,0,0,-5,0
842,25.3297,0.003,-30,0,0,-5,0
843,25.3298,-0.003,-30,0,0,-5,0
844,25.3298,0,-30,0,0,-5,0
845,25.3298,-0.0061,-30,0,0,-5,0
846,25.3298,-0.0061,-30,0,0,-5,0
847,25.3299,-0.0061,-30,0,0,-5,0
848,25.3299,-0.0091,-30,0,0,-5,0
849,25.3299,-0.003,-30,0,0,-5,0
850,25.3299,0,-30,0,0,-5,0
851,25.33,-0.003,-30,0,0,-5,0
852,25.33,0,-30,0,0,-5,0
853,25.33,-0.003,-30,0,0,-5,0
854,25.33,-0.003,-30,0,0,-5,0
855,25.33,0.0091,-30,0,0,-5,0
856,25.3301,-0.0061,-30,0,0,-5,0
857,25.3301,0,-30,0,0,-5,0
858,25.3301,0.0122,-29,0,0,-5,0
859,25.3302,-0.0061,-30,0,0,-5,0
860,25.3302,-0.003,-30,0,0,-5,0
861,25.3302,0,-30,0,0,-5,0
862,25.3302,0.003,-30,0,0,-5,0
863,25.3302,-0.003,-30,0,0,-5,0
864,25.3303,0,-30,0,0,-5,0
865,25.3303,0.003,-30,0,0,-5,0
866,25.3303,-0.003,-30,0,0,-5,0
867,25.3303,0,-30,0,0,-5,0
868,25.3303,0,-30,0,0,-5,0
869,25.3304,-0.003,-30,0,0,-5,0
870,25.3304,-0.0091,-29,0,0,-5,0
871,25.3304,0,-29,0,0,-5,0
872,25.3304,0.0061,-30,0,0,-5,0
873,25.3304,0.003,-30,0,0,-5,0
874,25.3304,0,-30,0,0,-5,0
875,25.3305,0,-30,0,0,-5,0
876,25.3305,0,-30,0,0,-5,0
877,25.3305,-0.0061,-29,0,0,-5,0
878,25.3305,-0.0061,-29,0,0,-5,0
879,25.3305,0,-29,0,0,-5,0
880,25.3305,0.003,-29,0,0,-5,0
881,25.3306,0.0061,-29,0,0,-5,0
882,25.3306,0,-29,0,0,-5,0
883,25.3306,0.003,-29,0,0,-5,0
884,25.3306,0,-29,0,0,-5,0
885,25.3306,0.003,-29,0,0,-5,0
886,25.3306,-0.0091,-30,0,0,-5,0
887,25.3306,-0.003,-30,0,0,-5,0
888,25.3306,-0.0091,-29,0,0,-5,0
889,25.3306,0.003,-29,0,0,-5,0
890,25.3306,0.0061,-29,0,0,-5,0
891,25.3306,-0.003,-29,0,0,-5,0
892,25.3307,-0.003,-29,0,0,-5,0
893,25.3307,-0.0061,-29,0,0,-5,0
894,25.3307,0,-29,0,0,-5,0
895,25.3307,-0.0061,-29,0,0,-5,0
896,25.3307,0.0122,-29,0,0,-5,0
897,25.3307,-0.003,-29,0,0,-5,0
898,25.3307,0,-29,0,0,-5,0
899,25.3307,-0.003,-29,0,0,-5,0
900,25.3307,-0.003,-29,0,0,-5,0
901,25.3307,0,-29,0,0,-5,0
902,25.3307,-0.0122,-29,0,0,-5,0
903,25.3308,0,-29,0,0,-5,0
904,25.3308,0,-29,0,0,-5,0
905,25.3308,0.0061,-29,0,0,-5,0
906,25.3308,0.0061,-29,0,0,-5,0
907,25.3308,0,-29,0,0,-5,0
908,25.3308,-0.003,-29,0,0,-5,0
909,25.3308,0.003,-29,0,0,-5,0
910,25.3308,-0.0061,-29,0,0,-5,0
911,25.3308,0,-29,0,0,-5,0
912,25.3308,0,-29,0,0,-5,0
913,25.3308,0.003,-29,0,0,-5,0
914,25.3308,0,-29,0,0,-5,0
915,25.3308,-0.003,-29,0,0,-5,0
916,25.3308,-0.0122,-29,0,0,-5,0
917,25.3308,-0.003,-29,0,0,-5,0
918,25.3308,-0.003,-29,0,0,-5,0
919,25.3308,0.0061,-29,0,0,-5,0
920,25.3308,-0.0091,-29,0,0,-5,0
921,25.3309,0.0061,-29,0,0,-5,0
922,25.3309,0.0061,-29,0,0,-5,0
923,25.3309,0,-29,0,0,-5,0
924,25.3309,-0.003,-29,0,0,-5,0
925,25.3309,-0.0122,-29,0,0,-5,0
926,25.3309,-0.0122,-29,0,0,-5,0
927,25.3309,0,-29,0,0,-5,0
928,25.3309,0,-29,0,0,-5,0
929,25.3309,0.003,-29,0,0,-5,0
930,25.3309,-0.0152,-29,0,0,-5,0
931,25.3309,-0.0061,-29,0,0,-5,0
932,25.3309,0,-29,0,0,-5,0
933,25.3309,0.003,-29,0,0,-5,0
934,25.3309,0,-29,0,0,-5,0
935,25.3309,-0.0091,-29,0,0,-5,0
936,25.3309,0,-29,0,0,-5,0
937,25.3309,-0.0061,-29,0,0,-5,0
938,25.3309,0.003,-29,0,0,-5,0
939,25.3309,0,-29,0,0,-5,0
940,25.3309,-0.003,-29,0,0,-5,0
941,25.3309,-0.003,-29,0,0,-5,0
942,25.3309,0.0091,-28,0,0,-4,0
943,25.3309,0.003,-28,0,0,-4,0
944,25.3309,-0.0061,-29,0,0,-5,0
945,25.331,-0.003,-28,0,0,-4,0
946,25.331,0,-28,0,0,-4,0
947,25.331,-0.0122,-28,0,0,-4,0
948,25.331,0.003,-29,0,0,-5,0
949,25.331,0,-28,0,0,-4,0
950,25.331,0.0091,-28,0,0,-4,0
951,25.331,0.003,-28,0,0,-4,0
952,25.331,0,-28,0,0,-4,0
953,25.331,0.003,-28,0,0,-4,0
954,25.331,-0.003,-28,0,0,-4,0
955,25.331,0.0061,-28,0,0,-4,0
956,25.331,0.0122,-28,0,0,-4,0
957,25.331,-0.0152,-29,0,0,-5,0
958,25.331,0.0061,-28,0,0,-4,0
959,25.331,0,-28,0,0,-4,0
960,25.331,-0.003,-28,0,0,-4,0
961,25.331,-0.003,-28,0,0,-4,0
962,25.331,0,-28,0,0,-4,0
963,25.331,-0.0091,-28,0,0,-4,0
964,25.331,-0.003,-28,0,0,-4,0
965,25.331,0,-28,0,0,-4,0
966,25.331,0,-28,0,0,-4,0
967,25.331,0,-28,0,0,-4,0
968,25.331,0.0122,-28,0,0,-4,0
969,25.331,-0.0091,-28,0,0,-4,0
970,25.3311,-0.0061,-28,0,0,-4,0
971,25.3311,0,-28,0,0,-4,0
972,25.3311,-0.0091,-28,0,0,-4,0
973,25.331,-0.0091,-28,0,0,-4,0
974,25.3311,0,-28,0,0,-4,0
975,25.3311,-0.0091,-28,0,0,-4,0
976,25.3311,-0.0061,-28,0,0,-4,0
977,25.3311,0.0061,-28,0,0,-4,0
978,25.3311,-0.003,-28,0,0,-4,0
979,25.3311,-0.003,-28,0,0,-4,0
980,25.3311,-0.003,-28,0,0,-4,0
981,25.3311,0,-28,0,0,-4,0
982,25.3311,0.003,-28,0,0,-4,0
983,25.3311,0.003,-28,0,0,-4,0
984,25.3311,0.0061,-28,0,0,-4,0
985,25.3311,-0.0061,-28,0,0,-4,0
986,25.3311,0.0091,-28,0,0,-4,0
987,25.3311,-0.003,-28,0,0,-4,0
988,25.3311,-0.0061,-28,0,0,-4,0
989,25.3311,0.0061,-28,0,0,-4,0
990,25.3311,-0.0061,-28,0,0,-4,0
991,25.3311,0,-28,0,0,-4,0
992,25.3311,0,-28,0,0,-4,0
993,25.3311,-0.003,-28,0,0,-4,0
994,25.3311,0.003,-28,0,0,-4,0
995,25.3311,-0.0061,-28,0,0,-4,0
996,25.3311,-0.0061,-28,0,0,-4,0
997,25.3311,0.0061,-28,0,0,-4,0
998,25.3311,0.0061,-28,0,0,-4,0
999,25.3311,0.0122,-28,0,0,-4,0
1000,25.3311,0,-28,0,0,-4,0
1001,25.3311,0,-28,0,0,-4,0
1002,25.3311,0.0091,-28,0,0,-4,0
1003,25.3311,0.003,-28,0,0,-4,0
1004,25.3311,0.0061,-27,0,0,-4,0
1005,25.3311,-0.0091,-28,0,0,-4,0
1006,25.3311,0.0061,-28,0,0,-4,0
1007,25.3311,-0.003,-28,0,0,-4,0
1008,25.3311,0.0061,-27,0,0,-4,0
1009,25.3311,0,-28,0,0,-4,0
1010,25.3311,-0.003,-28,0,0,-4,0
1011,25.3311,-0.0091,-28,0,0,-4,0
1012,25.3311,-0.0122,-28,0,0,-4,0
1013,25.3311,0,-28,0,0,-4,0
1014,25.3311,-0.0122,-28,0,0,-4,0
1015,25.3311,-0.0152,-28,0,0,-4,0
1016,25.3311,-0.0061,-27,0,0,-4,0
1017,25.3311,-0.0061,-28,0,0,-4,0
1018,25.3311,0.0061,-28,0,0,-4,0
1019,25.3311,0,-28,0,0,-4,0
1020,25.3311,0,-28,0,0,-4,0
1021,25.3311,-0.0122,-28,0,0,-4,0
1022,25.3311,0.0122,-28,0,0,-4,0
1023,25.3311,0,-28,0,0,-4,0
1024,25.3311,0.003,-28,0,0,-4,0
1025,25.3311,0.003,-28,0,0,-4,0
1026,25.3311,0.003,-27,0,0,-4,0
1027,25.3311,-0.0061,-28,0,0,-4,0
1028,25.3311,-0.0122,-28,0,0,-4,0
1029,25.3311,0.0061,-27,0,0,-4,0
1030,25.3311,-0.0061,-28,0,0,-4,0
1031,25.3311,0,-28,0,0,-4,0
1032,25.3311,0.0091,-27,0,0,-4,0
1033,25.3311,0,-27,0,0,-4,0
1034,25.3311,0,-27,0,0,-4,0
1035,25.3311,-0.0061,-28,0,0,-4,0
1036,25.3311,-0.003,-28,0,0,-4,0
1037,25.3311,0,-28,0,0,-4,0
1038,25.3311,0,-28,0,0,-4,0
1039,25.3311,-0.0061,-27,0,0,-4,0
1040,25.3311,-0.0122,-28,0,0,-4,0
1041,25.3311,0.0091,-27,0,0,-4,0
1042,25.3311,0,-27,0,0,-4,0
1043,25.3311,-0.003,-27,0,0,-4,0
1044,25.3311,-0.0183,-27,0,0,-4,0
1045,25.3311,0.003,-27,0,0,-4,0
1046,25.3311,-0.0091,-27,0,0,-4,0
1047,25.3311,-0.0061,-27,0,0,-4,0
1048,25.3311,0.0122,-27,0,0,-4,0
1049,25.3311,0.003,-27,0,0,-4,0
1050,25.3311,0.0122,-27,0,0,-4,0
1051,25.3311,-0.0061,-27,0,0,-4,0
1052,25.3311,-0.0122,-27,0,0,-4,0
1053,25.3311,0,-27,0,0,-4,0
1054,25.3311,-0.003,-27,0,0,-4,0
1055,25.3311,0,-27,0,0,-4,0
1056,25.3311,0,-27,0,0,-4,0
1057,25.3311,-0.003,-27,0,0,-4,0
1058,25.3311,0.0122,-27,0,0,-4,0
1059,25.3311,0.0061,-27,0,0,-4,0
1060,25.3311,-0.003,-27,0,0,-4,0
1061,25.3311,0.0091,-27,0,0,-4,0
1062,25.3311,-0.0061,-27,0,0,-4,0
1063,25.3311,0.0061,-27,0,0,-4,0
1064,25.3311,-0.003,-27,0,0,-4,0
1065,25.3311,-0.003,-27,0,0,-4,0
1066,25.3311,0.0061,-27,0,0,-4,0
1067,25.3311,-0.0061,-27,0,0,-4,0
1068,25.3311,-0.0061,-27,0,0,-4,0
1069,25.3311,0,-27,0,0,-4,0
1070,25.3311,-0.0061,-27,0,0,-4,0
1071,25.3311,0.0091,-27,0,0,-4,0
1072,25.3311,-0.003,-27,0,0,-4,0
1073,25.3311,0,-27,0,0,-4,0
1074,25.3311,0,-27,0,0,-4,0
1075,25.3311,0.0122,-27,0,0,-4,0
1076,25.3311,-0.0061,-27,0,0,-4,0
1077,25.3311,-0.0061,-27,0,0,-4,0
1078,25.3311,0.003,-27,0,0,-4,0
1079,25.3311,-0.003,-27,0,0,-4,0
1080,25.3311,-0.0061,-27,0,0,-4,0
1081,25.3311,0.003,-27,0,0,-4,0
1082,25.3311,0.0061,-27,0,0,-4,0
1083,25.3311,-0.0091,-27,0,0,-4,0
1084,25.3311,0,-27,0,0,-4,0
1085,25.3311,0,-27,0,0,-4,0
1086,25.3311,0,-27,0,0,-4,0
1087,25.3311,0.0061,-27,0,0,-4,0
1088,25.3311,0.003,-27,0,0,-4,0
1089,25.3311,0.0061,-27,0,0,-4,0
1090,25.3311,-0.0061,-27,0,0,-4,0
1091,25.3311,0.0061,-27,0,0,-4,0
1092,25.3311,0.0061,-27,0,0,-4,0
1093,25.3311,-0.0061,-27,0,0,-4,0
1094,25.3311,-0.0061,-27,0,0,-4,0
1095,25.3311,0.0061,-27,0,0,-4,0
1096,25.3311,0.003,-27,0,0,-4,0
1097,25.3311,0,-27,0,0,-4,0
1098,25.3311,0.0061,-27,0,0,-4,0
1099,25.3311,0.0061,-27,0,0,-4,0
1100,25.3311,0.003,-27,0,0,-4,0
1101,25.3311,-0.0091,-27,0,0,-4,0
1102,25.3311,-0.0091,-27,0,0,-4,0
1103,25.3311,0.0152,-27,0,0,-4,0
1104,25.3311,0.0061,-27,0,0,-4,0
1105,25.3311,-0.0091,-27,0,0,-4,0
1106,25.3311,0.0061,-27,0,0,-4,0
1107,25.3311,-0.003,-27,0,0,-4,0
1108,25.3311,-0.003,-27,0,0,-4,0
1109,25.3311,-0.003,-27,0,0,-4,0
1110,25.3311,0.003,-27,0,0,-4,0
1111,25.3311,-0.0061,-27,0,0,-4,0
1112,25.3311,0.003,-26,0,0,-4,0
1113,25.3311,-0.003,-27,0,0,-4,0
1114,25.3311,0.003,-26,0,0,-4,0
1115,25.3311,0,-27,0,0,-4,0
1116,25.3311,-0.003,-27,0,0,-4,0
1117,25.3311,-0.0122,-27,0,0,-4,0
1118,25.3311,0.0091,-27,0,0,-4,0
1119,25.3311,0.0091,-27,0,0,-4,0
1120,25.3311,-0.003,-27,0,0,-4,0
1121,25.3311,0,-27,0,0,-4,0
1122,25.3311,-0.0122,-26,0,0,-4,0
1123,25.3311,-0.0243,-26,0,0,-4,0
1124,25.3311,0,-26,0,0,-4,0
1125,25.3311,0,-26,0,0,-4,0
1126,25.3311,0,-26,0,0,-4,0
1127,25.3311,-0.0061,-26,0,0,-4,0
1128,25.3311,0.0061,-26,0,0,-4,0
1129,25.3311,-0.0091,-26,0,0,-4,0
1130,25.3311,-0.003,-26,0,0,-4,0
1131,25.3311,0,-26,0,0,-4,0
1132,25.3311,-0.003,-26,0,0,-4,0
1133,25.3311,0.0061,-26,0,0,-4,0
1134,25.3311,0.0061,-26,0,0,-4,0
1135,25.3311,0.0091,-26,0,0,-4,0
1136,25.3311,0.003,-26,0,0,-4,0
1137,25.3311,0,-26,0,0,-4,0
1138,25.3311,0,-26,0,0,-4,0
1139,25.3311,0.0061,-26,0,0,-4,0
1140,25.3311,-0.0091,-26,0,0,-4,0
1141,25.3311,0,-26,0,0,-4,0
1142,25.3311,-0.003,-26,0,0,-4,0
1143,25.3311,0,-26,0,0,-4,0
1144,25.3311,-0.0091,-26,0,0,-4,0
1145,25.3311,-0.003,-26,0,0,-4,0
1146,25.3311,0.003,-26,0,0,-4,0
1147,25.3311,-0.003,-26,0,0,-4,0
1148,25.3311,-0.003,-26,0,0,-4,0
1149,25.3311,-0.0091,-26,0,0,-4,0
1150,25.3311,-0.0152,-26,0,0,-4,0
1151,25.3311,0.003,-26,0,0,-4,0
1152,25.3311,-0.0091,-26,0,0,-4,0
1153,25.3311,0,-26,0,0,-4,0
1154,25.3311,0,-26,0,0,-4,0
1155,25.3311,0,-26,0,0,-4,0
1156,25.3311,0.003,-26,0,0,-4,0
1157,25.3311,0.0091,-26,0,0,-4,0
1158,25.3311,0.003,-26,0,0,-4,0
1159,25.3311,0.003,-26,0,0,-4,0
1160,25.3311,-0.0061,-26,0,0,-4,0
1161,25.3311,0,-26,0,0,-4,0
1162,25.3311,-0.0122,-26,0,0,-4,0
1163,25.3311,0.003,-26,0,0,-4,0
1164,25.3311,-0.0061,-26,0,0,-4,0
1165,25.3311,0,-26,0,0,-4,0
1166,25.3311,0.0061,-26,0,0,-4,0
1167,25.3311,-0.003,-26,0,0,-4,0
1168,25.3311,-0.003,-26,0,0,-4,0
1169,25.3311,-0.0091,-26,0,0,-4,0
1170,25.3311,0.0091,-26,0,0,-4,0
1171,25.3311,0.003,-26,0,0,-4,0
1172,25.3311,0.003,-26,0,0,-4,0
1173,25.3311,-0.003,-26,0,0,-4,0
1174,25.3311,0,-26,0,0,-4,0
1175,25.3311,-0.003,-26,0,0,-4,0
1176,25.3311,-0.0061,-26,0,0,-4,0
1177,25.3311,0.0091,-26,0,0,-4,0
1178,25.3311,0.0061,-26,0,0,-4,0
1179,25.3311,0.003,-26,0,0,-4,0
1180,25.3311,-0.003,-26,0,0,-4,0
1181,25.3311,0.003,-26,0,0,-4,0
1182,25.3311,0,-26,0,0,-4,0
1183,25.3311,0.003,-26,0,0,-4,0
1184,25.3311,0.0091,-26,0,0,-4,0
1185,25.3311,-0.0091,-26,0,0,-4,0
1186,25.3311,-0.0061,-26,0,0,-4,0
1187,25.3311,-0.0061,-26,0,0,-4,0
1188,25.3311,0,-26,0,0,-4,0
1189,25.3311,0.0061,-26,0,0,-4,0
1190,25.3311,0.0061,-26,0,0,-4,0
1191,25.3311,0,-26,0,0,-4,0
1192,25.3311,-0.0091,-26,0,0,-4,0
1193,25.3311,0.0091,-26,0,0,-4,0
1194,25.3311,0,-26,0,0,-4,0
1195,25.3311,0,-26,0,0,-4,0
1196,25.3311,-0.0061,-26,0,0,-4,0
1197,25.3311,0,-26,0,0,-4,0
1198,25.3311,0.003,-26,0,0,-4,0
1199,25.3311,-0.0122,-26,0,0,-4,0
1200,25.3311,0.003,-25,0,0,-4,0
1201,25.331,0.003,-26,0,0,-4,0
1202,25.3311,0,-25,0,0,-4,0
1203,25.3311,0.003,-26,0,0,-4,0
1204,25.3311,-0.003,-25,0,0,-4,0
1205,25.3311,0.0061,-25,0,0,-4,0
1206,25.3311,0.003,-25,0,0,-4,0
1207,25.3311,0.0091,-25,0,0,-4,0
1208,25.3311,0.003,-26,0,0,-4,0
1209,25.331,-0.003,-25,0,0,-4,0
1210,25.3311,0.0091,-25,0,0,-4,0
1211,25.331,0.0061,-25,0,0,-4,0
1212,25.331,0.003,-25,0,0,-4,0
1213,25.3311,0.003,-25,0,0,-4,0
1214,25.3311,0.003,-25,0,0,-4,0
1215,25.3311,0.0091,-25,0,0,-4,0
1216,25.3311,0.0061,-25,0,0,-4,0
1217,25.331,-0.0091,-25,0,0,-4,0
1218,25.331,0.003,-25,0,0,-4,0
1219,25.331,0.003,-25,0,0,-4,0
1220,25.331,0.0061,-25,0,0,-4,0
1221,25.331,-0.003,-25,0,0,-4,0
1222,25.331,0.003,-25,0,0,-4,0
1223,25.331,-0.003,-25,0,0,-4,0
1224,25.331,-0.003,-25,0,0,-4,0
1225,25.331,-0.0122,-25,0,0,-4,0
1226,25.331,0,-25,0,0,-4,0
1227,25.331,-0.003,-25,0,0,-4,0
1228,25.331,0.003,-25,0,0,-4,0
1229,25.331,0.003,-25,0,0,-4,0
1230,25.331,-0.0152,-25,0,0,-4,0
1231,25.331,0.0061,-25,0,0,-4,0
1232,25.331,-0.0061,-25,0,0,-4,0
1233,25.331,0,-25,0,0,-4,0
1234,25.331,0.0061,-25,0,0,-4,0
1235,25.331,-0.003,-25,0,0,-4,0
1236,25.331,0.003,-25,0,0,-4,0
1237,25.331,-0.003,-25,0,0,-4,0
1238,25.331,0.0091,-25,0,0,-4,0
1239,25.331,-0.0091,-25,0,0,-4,0
1240,25.331,-0.0061,-25,0,0,-4,0
1241,25.331,-0.003,-25,0,0,-4,0
1242,25.331,0.0091,-25,0,0,-4,0
1243,25.331,0,-25,0,0,-4,0
1244,25.331,-0.003,-25,0,0,-4,0
1245,25.331,0.0061,-25,0,0,-4,0
1246,25.331,0,-25,0,0,-4,0
1247,25.331,0,-25,0,0,-4,0
1248,25.331,0.003,-25,0,0,-4,0
1249,25.331,-0.0091,-25,0,0,-4,0
1250,25.331,0,-25,0,0,-4,0
1251,25.331,-0.0061,-25,0,0,-4,0
1252,25.331,0.003,-25,0,0,-4,0
1253,25.331,0.003,-25,0,0,-4,0
1254,25.331,-0.0061,-25,0,0,-4,0
1255,25.331,-0.003,-24,0,0,-4,0
1256,25.331,0.0061,-25,0,0,-4,0
1257,25.331,0.0091,-25,0,0,-4,0
1258,25.331,0,-25,0,0,-4,0
1259,25.331,-0.0152,-25,0,0,-4,0
1260,25.331,0.003,-25,0,0,-4,0
1261,25.331,-0.003,-25,0,0,-4,0
1262,25.331,0,-24,0,0,-4,0
1263,25.331,0.0122,-24,0,0,-4,0
1264,25.331,-0.003,-24,0,0,-4,0
1265,25.331,0.0091,-24,0,0,-4,0
1266,25.331,0.0061,-24,0,0,-4,0
1267,25.331,-0.0091,-25,0,0,-4,0
1268,25.331,0.0183,-24,0,0,-4,0
1269,25.331,0.003,-24,0,0,-4,0
1270,25.331,0.003,-25,0,0,-4,0
1271,25.331,0.003,-24,0,0,-4,0
1272,25.331,0.0061,-24,0,0,-4,0
1273,25.331,0.0122,-24,0,0,-4,0
1274,25.331,-0.003,-24,0,0,-4,0
1275,25.331,-0.0122,-25,0,0,-4,0
1276,25.331,-0.0183,-24,0,0,-4,0
1277,25.331,0.003,-24,0,0,-4,0
1278,25.331,0,-24,0,0,-4,0
1279,25.331,0.0091,-24,0,0,-4,0
1280,25.331,-0.003,-24,0,0,-4,0
1281,25.331,0,-24,0,0,-4,0
1282,25.331,-0.003,-24,0,0,-4,0
